img_IDS,Church,Enough/Satisfied,Friend,Love,Me,Mosque,Seat,Temple,You
ImageID_USRB8QNG,,,,,,,,,
ImageID_SZ8D1ZJI,,,,,,,,,
ImageID_4OJO2F8J,,,,,,,,,
ImageID_IEE4XV0B,,,,,,,,,
ImageID_BP0O0WZ9,,,,,,,,,
ImageID_M0V58H3K,,,,,,,,,
ImageID_R87BQKKT,,,,,,,,,
ImageID_MX5UE68W,,,,,,,,,
ImageID_3AAK0323,,,,,,,,,
ImageID_F3G4F52P,,,,,,,,,
ImageID_XXZLLP4N,,,,,,,,,
ImageID_IWZC16XT,,,,,,,,,
ImageID_DQFGPGYH,,,,,,,,,
ImageID_5ORAP8JG,,,,,,,,,
ImageID_EQ4QAXOW,,,,,,,,,
ImageID_TJJTFZDU,,,,,,,,,
ImageID_LVVG177H,,,,,,,,,
ImageID_QT6JF0F1,,,,,,,,,
ImageID_0M1X3G6S,,,,,,,,,
ImageID_4JE0IKOA,,,,,,,,,
ImageID_5WLWGM18,,,,,,,,,
ImageID_CJD01CLT,,,,,,,,,
ImageID_TYP5XWMT,,,,,,,,,
ImageID_HC2SZBDP,,,,,,,,,
ImageID_K8SA0PXL,,,,,,,,,
ImageID_7USAL6E3,,,,,,,,,
ImageID_5YU2IL1M,,,,,,,,,
ImageID_NCPXW4BJ,,,,,,,,,
ImageID_FMG75071,,,,,,,,,
ImageID_C4BMANST,,,,,,,,,
ImageID_J9ITXCON,,,,,,,,,
ImageID_8T2OFFZT,,,,,,,,,
ImageID_SDZA6YSC,,,,,,,,,
ImageID_2D303FNR,,,,,,,,,
ImageID_X7DWL4LU,,,,,,,,,
ImageID_2RS5YAKG,,,,,,,,,
ImageID_E11BVW6F,,,,,,,,,
ImageID_MY56UHTS,,,,,,,,,
ImageID_ZFE8REX3,,,,,,,,,
ImageID_W3663Q6U,,,,,,,,,
ImageID_IB8E8H2S,,,,,,,,,
ImageID_GZLET5JL,,,,,,,,,
ImageID_CAIJ26N5,,,,,,,,,
ImageID_VS02OVDP,,,,,,,,,
ImageID_LWQ6W6CL,,,,,,,,,
ImageID_B11JNQSE,,,,,,,,,
ImageID_ND7O1VHX,,,,,,,,,
ImageID_GEFMBUQ6,,,,,,,,,
ImageID_TCBR4TM5,,,,,,,,,
ImageID_ORVM0NEU,,,,,,,,,
ImageID_REPDLEHF,,,,,,,,,
ImageID_2XN2NGTK,,,,,,,,,
ImageID_L5JLMSBB,,,,,,,,,
ImageID_7BBXNTF7,,,,,,,,,
ImageID_PRR2MI47,,,,,,,,,
ImageID_ZXH0B14V,,,,,,,,,
ImageID_SQ7C1XQ5,,,,,,,,,
ImageID_4FC24AAW,,,,,,,,,
ImageID_XU7YR4O6,,,,,,,,,
ImageID_BKCL3MP2,,,,,,,,,
ImageID_NF9CLVU5,,,,,,,,,
ImageID_TB5E68E1,,,,,,,,,
ImageID_0AB8B2QN,,,,,,,,,
ImageID_Q4UWJGSO,,,,,,,,,
ImageID_SWRX1CG9,,,,,,,,,
ImageID_23Y21W7W,,,,,,,,,
ImageID_C6YSIU18,,,,,,,,,
ImageID_1R7SWG4Y,,,,,,,,,
ImageID_EDSHMEM9,,,,,,,,,
ImageID_JMZ9TMMI,,,,,,,,,
ImageID_C18APK9Q,,,,,,,,,
ImageID_G30TM8Q8,,,,,,,,,
ImageID_KZQRZZWJ,,,,,,,,,
ImageID_KJ2ZHJKC,,,,,,,,,
ImageID_086WM5BT,,,,,,,,,
ImageID_MR4FV44Q,,,,,,,,,
ImageID_HL4QH52H,,,,,,,,,
ImageID_SZHZ26Q5,,,,,,,,,
ImageID_7ZXQJZOS,,,,,,,,,
ImageID_41TW5LLB,,,,,,,,,
ImageID_7Q2KMH58,,,,,,,,,
ImageID_GMJJ1A7J,,,,,,,,,
ImageID_MHN21DSO,,,,,,,,,
ImageID_D34V4LZW,,,,,,,,,
ImageID_2OIN5SR4,,,,,,,,,
ImageID_7HHQQMNW,,,,,,,,,
ImageID_T6Y2MQ1F,,,,,,,,,
ImageID_SBYGM8KI,,,,,,,,,
ImageID_CQKPNMRS,,,,,,,,,
ImageID_EG48V29V,,,,,,,,,
ImageID_J57TKJ2J,,,,,,,,,
ImageID_NMPB248C,,,,,,,,,
ImageID_A6E8HZ6S,,,,,,,,,
ImageID_QKGT1A7L,,,,,,,,,
ImageID_7W8SL3XQ,,,,,,,,,
ImageID_I30TSLLG,,,,,,,,,
ImageID_47X7GRAJ,,,,,,,,,
ImageID_YHLLPXSB,,,,,,,,,
ImageID_XHAN42S2,,,,,,,,,
ImageID_RHWX2KBB,,,,,,,,,
ImageID_LKOJG28D,,,,,,,,,
ImageID_6ZXZBVL6,,,,,,,,,
ImageID_WCMCP7BW,,,,,,,,,
ImageID_OL2EATEQ,,,,,,,,,
ImageID_O88862ZE,,,,,,,,,
ImageID_GEPPZ4T4,,,,,,,,,
ImageID_C8D80753,,,,,,,,,
ImageID_HO21CR32,,,,,,,,,
ImageID_JBC78B4J,,,,,,,,,
ImageID_XBVBSOPM,,,,,,,,,
ImageID_L45SYXP0,,,,,,,,,
ImageID_QNFOYE9O,,,,,,,,,
ImageID_BDS9XFVW,,,,,,,,,
ImageID_U7OL8YNP,,,,,,,,,
ImageID_477B0T75,,,,,,,,,
ImageID_MMPCP8QF,,,,,,,,,
ImageID_Q2RYOEIP,,,,,,,,,
ImageID_4IWVYKHX,,,,,,,,,
ImageID_CXB8LQA8,,,,,,,,,
ImageID_SOF1J6JK,,,,,,,,,
ImageID_2SW8AHSF,,,,,,,,,
ImageID_5IO0XNVA,,,,,,,,,
ImageID_4E4DIO7O,,,,,,,,,
ImageID_FC2FHAJF,,,,,,,,,
ImageID_7R9CXXK6,,,,,,,,,
ImageID_ZS9FS1FD,,,,,,,,,
ImageID_YE585ADV,,,,,,,,,
ImageID_BNKKXTP5,,,,,,,,,
ImageID_737IDDPX,,,,,,,,,
ImageID_BKZGP3DL,,,,,,,,,
ImageID_0QSMN7F7,,,,,,,,,
ImageID_DO3FBGO1,,,,,,,,,
ImageID_E7SPT9KC,,,,,,,,,
ImageID_V0XAA5BL,,,,,,,,,
ImageID_U51ZHFXW,,,,,,,,,
ImageID_G4C7R0GY,,,,,,,,,
ImageID_W9BBSMOK,,,,,,,,,
ImageID_821ARY7M,,,,,,,,,
ImageID_8ES68PSF,,,,,,,,,
ImageID_36VW9J0L,,,,,,,,,
ImageID_5UG3E0SP,,,,,,,,,
ImageID_6VWWCCQC,,,,,,,,,
ImageID_T3EJPXKL,,,,,,,,,
ImageID_17GLMQPG,,,,,,,,,
ImageID_I5Q0SFXV,,,,,,,,,
ImageID_0BZQ6EY8,,,,,,,,,
ImageID_CDCC8R97,,,,,,,,,
ImageID_CMDW3RTL,,,,,,,,,
ImageID_GLUQMWMB,,,,,,,,,
ImageID_M3YYNDAZ,,,,,,,,,
ImageID_766KA4IO,,,,,,,,,
ImageID_OMTT6R6G,,,,,,,,,
ImageID_Q448WDG7,,,,,,,,,
ImageID_BFB17MBM,,,,,,,,,
ImageID_W0Q0YS61,,,,,,,,,
ImageID_GMGLMN2R,,,,,,,,,
ImageID_06IXJ1N9,,,,,,,,,
ImageID_MLLJZKNS,,,,,,,,,
ImageID_OEXCGNNT,,,,,,,,,
ImageID_4929PGBV,,,,,,,,,
ImageID_Y51IK5W1,,,,,,,,,
ImageID_OF2GHBV7,,,,,,,,,
ImageID_9BCBCHJB,,,,,,,,,
ImageID_T75FU901,,,,,,,,,
ImageID_G3BLLJG1,,,,,,,,,
ImageID_QT0EM34D,,,,,,,,,
ImageID_AIB046R7,,,,,,,,,
ImageID_KIHJ8UNC,,,,,,,,,
ImageID_OG0SAL6M,,,,,,,,,
ImageID_FOOH6Q91,,,,,,,,,
ImageID_Q9P8KBEK,,,,,,,,,
ImageID_81O7EX1G,,,,,,,,,
ImageID_2JIWAN34,,,,,,,,,
ImageID_C8KNO2EN,,,,,,,,,
ImageID_89IN99EF,,,,,,,,,
ImageID_HBT13WMV,,,,,,,,,
ImageID_S8H1WLW2,,,,,,,,,
ImageID_AZIA7YTA,,,,,,,,,
ImageID_BDQZ8ZW4,,,,,,,,,
ImageID_F5ONQN2B,,,,,,,,,
ImageID_4T6JEVZM,,,,,,,,,
ImageID_5WSCPU82,,,,,,,,,
ImageID_G23E9I3T,,,,,,,,,
ImageID_3RTFL947,,,,,,,,,
ImageID_SE0U76P3,,,,,,,,,
ImageID_NK9RKW26,,,,,,,,,
ImageID_KKR8M7K6,,,,,,,,,
ImageID_RMU4WHDC,,,,,,,,,
ImageID_Z9JJYPE0,,,,,,,,,
ImageID_VQF35XJJ,,,,,,,,,
ImageID_YE4ZJUW1,,,,,,,,,
ImageID_EB5STJ6F,,,,,,,,,
ImageID_PGL5WSKN,,,,,,,,,
ImageID_WG7Q7W0U,,,,,,,,,
ImageID_F5LG0RXA,,,,,,,,,
ImageID_52U2IZXD,,,,,,,,,
ImageID_I84T8JDG,,,,,,,,,
ImageID_MB8ZUP51,,,,,,,,,
ImageID_C16OVLPR,,,,,,,,,
ImageID_234IEU2Z,,,,,,,,,
ImageID_ES5NBPLE,,,,,,,,,
ImageID_LM9RQMZD,,,,,,,,,
ImageID_PKOIZA0V,,,,,,,,,
ImageID_1WJ73SAV,,,,,,,,,
ImageID_PA7EBS0E,,,,,,,,,
ImageID_DI1SEGIF,,,,,,,,,
ImageID_1JRAK1FI,,,,,,,,,
ImageID_Z86Z6VPG,,,,,,,,,
ImageID_46BA5CVV,,,,,,,,,
ImageID_TOH0IDIP,,,,,,,,,
ImageID_5H2NIWTU,,,,,,,,,
ImageID_CGL3Q8TE,,,,,,,,,
ImageID_6BUQFPQ0,,,,,,,,,
ImageID_A529Y5RE,,,,,,,,,
ImageID_6KSU2JGR,,,,,,,,,
ImageID_YLA0QV5G,,,,,,,,,
ImageID_QODANGJC,,,,,,,,,
ImageID_FBMNYOG4,,,,,,,,,
ImageID_F9GUFXON,,,,,,,,,
ImageID_KPUYWO6T,,,,,,,,,
ImageID_D5QANDA5,,,,,,,,,
ImageID_NRIYWZQY,,,,,,,,,
ImageID_B2PB93DZ,,,,,,,,,
ImageID_7LHAW08I,,,,,,,,,
ImageID_OHNXXI92,,,,,,,,,
ImageID_O0VT1VNS,,,,,,,,,
ImageID_RPWKT8WG,,,,,,,,,
ImageID_N6GXM0QH,,,,,,,,,
ImageID_EWMV8UF9,,,,,,,,,
ImageID_PK5MX95W,,,,,,,,,
ImageID_FX3TNG1O,,,,,,,,,
ImageID_TBKQJXJC,,,,,,,,,
ImageID_1U6FZ02W,,,,,,,,,
ImageID_N9EQ8TP5,,,,,,,,,
ImageID_I2YX8RJ5,,,,,,,,,
ImageID_02N3CT2H,,,,,,,,,
ImageID_5OEBM2XR,,,,,,,,,
ImageID_NP3K0GE1,,,,,,,,,
ImageID_33MY5LCU,,,,,,,,,
ImageID_DSCD0ZWP,,,,,,,,,
ImageID_YCX4R3N9,,,,,,,,,
ImageID_OY7587KK,,,,,,,,,
ImageID_1OMRDAZQ,,,,,,,,,
ImageID_UBE0RHBQ,,,,,,,,,
ImageID_XE6ITSPY,,,,,,,,,
ImageID_W8X0FKJK,,,,,,,,,
ImageID_2INTXMEB,,,,,,,,,
ImageID_A7WLJHJ4,,,,,,,,,
ImageID_6VUVSQSV,,,,,,,,,
ImageID_TU2VLURW,,,,,,,,,
ImageID_YHW74EO6,,,,,,,,,
ImageID_MF3Q2BHH,,,,,,,,,
ImageID_CZT3W49A,,,,,,,,,
ImageID_O16IKIGF,,,,,,,,,
ImageID_8Y9D4UCI,,,,,,,,,
ImageID_U20NPVR7,,,,,,,,,
ImageID_0CC2ZBLK,,,,,,,,,
ImageID_FBDZ8HBQ,,,,,,,,,
ImageID_XUJZVEIE,,,,,,,,,
ImageID_WRHA1EQX,,,,,,,,,
ImageID_HHDVODEI,,,,,,,,,
ImageID_GGD8SX6H,,,,,,,,,
ImageID_2MDGBAIP,,,,,,,,,
ImageID_JJ2SIF5L,,,,,,,,,
ImageID_MU0B83UE,,,,,,,,,
ImageID_SGCM7QLB,,,,,,,,,
ImageID_QZ8JWOU7,,,,,,,,,
ImageID_A5VZFPIS,,,,,,,,,
ImageID_48VIQX34,,,,,,,,,
ImageID_MQCYWOXX,,,,,,,,,
ImageID_FNACYNDV,,,,,,,,,
ImageID_69M4KWXU,,,,,,,,,
ImageID_J335DPCR,,,,,,,,,
ImageID_3ZW44KBP,,,,,,,,,
ImageID_MALS8MAB,,,,,,,,,
ImageID_97952UE1,,,,,,,,,
ImageID_F66T2XQ9,,,,,,,,,
ImageID_XRMTQQ1S,,,,,,,,,
ImageID_FUYNB84E,,,,,,,,,
ImageID_35UC77AN,,,,,,,,,
ImageID_2T6P6H3M,,,,,,,,,
ImageID_X8APO58Z,,,,,,,,,
ImageID_NKZQHJWD,,,,,,,,,
ImageID_P941X4UD,,,,,,,,,
ImageID_X5TBSP1Y,,,,,,,,,
ImageID_RK76DMMO,,,,,,,,,
ImageID_ELL7355W,,,,,,,,,
ImageID_KA0R113Y,,,,,,,,,
ImageID_K23R1C12,,,,,,,,,
ImageID_J2JR0Z00,,,,,,,,,
ImageID_BK3PHSUO,,,,,,,,,
ImageID_5WKEL0G5,,,,,,,,,
ImageID_UKG5I76D,,,,,,,,,
ImageID_S6OABAZA,,,,,,,,,
ImageID_96AV0L14,,,,,,,,,
ImageID_2RHSPQFA,,,,,,,,,
ImageID_HAMMNMSE,,,,,,,,,
ImageID_ZGOI7116,,,,,,,,,
ImageID_IZ5S888T,,,,,,,,,
ImageID_19ULLGCT,,,,,,,,,
ImageID_PAKGF55L,,,,,,,,,
ImageID_VHSQ9LYX,,,,,,,,,
ImageID_RZVPOCVZ,,,,,,,,,
ImageID_0BGG3W3J,,,,,,,,,
ImageID_1WD3S6DQ,,,,,,,,,
ImageID_1P3RB5F2,,,,,,,,,
ImageID_DQMUNZH6,,,,,,,,,
ImageID_ELXZW1RC,,,,,,,,,
ImageID_WZ57XRKH,,,,,,,,,
ImageID_XA81YBI7,,,,,,,,,
ImageID_V83MRNRW,,,,,,,,,
ImageID_J8QQG71T,,,,,,,,,
ImageID_S9JNN73H,,,,,,,,,
ImageID_TFWFY0JD,,,,,,,,,
ImageID_VI5MGQ5R,,,,,,,,,
ImageID_AKU807TH,,,,,,,,,
ImageID_KC5TZ48U,,,,,,,,,
ImageID_SQRMBWTF,,,,,,,,,
ImageID_5MVTYFWY,,,,,,,,,
ImageID_OWD9FZBU,,,,,,,,,
ImageID_0VCRV6W5,,,,,,,,,
ImageID_OQ3W8TNS,,,,,,,,,
ImageID_4KUHPQV2,,,,,,,,,
ImageID_K1PV0KCO,,,,,,,,,
ImageID_9YOUPBIL,,,,,,,,,
ImageID_32RYW9YF,,,,,,,,,
ImageID_BPFQ6IZ7,,,,,,,,,
ImageID_MEIRKOCD,,,,,,,,,
ImageID_QULIT2VX,,,,,,,,,
ImageID_PI3P51BW,,,,,,,,,
ImageID_A80NJWF1,,,,,,,,,
ImageID_9UUNNUP7,,,,,,,,,
ImageID_HZGGWYCX,,,,,,,,,
ImageID_UFIMWW95,,,,,,,,,
ImageID_OCLAAGLW,,,,,,,,,
ImageID_BMN7YOFK,,,,,,,,,
ImageID_4LAWJGC4,,,,,,,,,
ImageID_4EFWG3BZ,,,,,,,,,
ImageID_CGA1I1TY,,,,,,,,,
ImageID_KXEBIK4W,,,,,,,,,
ImageID_AMPQ6O6M,,,,,,,,,
ImageID_DFO254P9,,,,,,,,,
ImageID_50DL21IW,,,,,,,,,
ImageID_11YMYLBM,,,,,,,,,
ImageID_UBXQD38W,,,,,,,,,
ImageID_SRWRKGAI,,,,,,,,,
ImageID_1YD4DQEM,,,,,,,,,
ImageID_C13M9JCU,,,,,,,,,
ImageID_W83D82QP,,,,,,,,,
ImageID_MBEB10J6,,,,,,,,,
ImageID_0OVF8QUE,,,,,,,,,
ImageID_YSSKQ8UW,,,,,,,,,
ImageID_RNUCVMUI,,,,,,,,,
ImageID_YCXAG9T0,,,,,,,,,
ImageID_USPKBJSI,,,,,,,,,
ImageID_AMY2DAI3,,,,,,,,,
ImageID_I4OJFF3U,,,,,,,,,
ImageID_V32GLMME,,,,,,,,,
ImageID_TSA3HKYY,,,,,,,,,
ImageID_58X168WV,,,,,,,,,
ImageID_ZQMNKPAJ,,,,,,,,,
ImageID_FZDCLPFY,,,,,,,,,
ImageID_VP7YCB1C,,,,,,,,,
ImageID_DRNSZ40P,,,,,,,,,
ImageID_AEK59CYQ,,,,,,,,,
ImageID_AG9ZEDNG,,,,,,,,,
ImageID_R3NYFV8D,,,,,,,,,
ImageID_UD0T2X3C,,,,,,,,,
ImageID_OC1QNQXZ,,,,,,,,,
ImageID_MBLA1EMK,,,,,,,,,
ImageID_XUOIUY66,,,,,,,,,
ImageID_SIX6IR47,,,,,,,,,
ImageID_XRKHEVCG,,,,,,,,,
ImageID_S4549F67,,,,,,,,,
ImageID_E594C9TT,,,,,,,,,
ImageID_KESMB442,,,,,,,,,
ImageID_IWA34Z1G,,,,,,,,,
ImageID_B0DD6YIW,,,,,,,,,
ImageID_GBG2FRYO,,,,,,,,,
ImageID_WUEUOKZK,,,,,,,,,
ImageID_AXWT7DCD,,,,,,,,,
ImageID_O0CUUPVR,,,,,,,,,
ImageID_ESW0WO2V,,,,,,,,,
ImageID_1U6A3HPN,,,,,,,,,
ImageID_B0SR4F42,,,,,,,,,
ImageID_KD9Q8PDU,,,,,,,,,
ImageID_E986XCZB,,,,,,,,,
ImageID_GI6MKE80,,,,,,,,,
ImageID_PHOVJ051,,,,,,,,,
ImageID_25SXHNL1,,,,,,,,,
ImageID_01ITRYRU,,,,,,,,,
ImageID_XJHZFLM9,,,,,,,,,
ImageID_IGRR2PKL,,,,,,,,,
ImageID_V36AVAW7,,,,,,,,,
ImageID_CBOKOL8J,,,,,,,,,
ImageID_JFHSY1XH,,,,,,,,,
ImageID_BEUKT4HK,,,,,,,,,
ImageID_0D1IJEPH,,,,,,,,,
ImageID_OWMLWY06,,,,,,,,,
ImageID_HBD75UN0,,,,,,,,,
ImageID_D1HBSFYO,,,,,,,,,
ImageID_PU829I8K,,,,,,,,,
ImageID_XMON1MTE,,,,,,,,,
ImageID_NEG24FZ7,,,,,,,,,
ImageID_Z5L8M7VA,,,,,,,,,
ImageID_42KQ3077,,,,,,,,,
ImageID_R0PDIA7V,,,,,,,,,
ImageID_3FZYUV2X,,,,,,,,,
ImageID_TPBT2005,,,,,,,,,
ImageID_P06BRCCC,,,,,,,,,
ImageID_2GXHRNS6,,,,,,,,,
ImageID_JUDKEJIY,,,,,,,,,
ImageID_B43Q32VV,,,,,,,,,
ImageID_DDA7NS3X,,,,,,,,,
ImageID_9U17610Q,,,,,,,,,
ImageID_LV6P4RKN,,,,,,,,,
ImageID_3LN1KOMU,,,,,,,,,
ImageID_RBJA7O8A,,,,,,,,,
ImageID_3O0O43TA,,,,,,,,,
ImageID_2IQU5K60,,,,,,,,,
ImageID_9BI9F6DW,,,,,,,,,
ImageID_YWGFG3NO,,,,,,,,,
ImageID_6AKG4NJK,,,,,,,,,
ImageID_EYE5H28W,,,,,,,,,
ImageID_8L0U0QBG,,,,,,,,,
ImageID_EMSQTBI3,,,,,,,,,
ImageID_W2Z4D7QG,,,,,,,,,
ImageID_IEZ74E37,,,,,,,,,
ImageID_G5XU3EH8,,,,,,,,,
ImageID_CTE4BJNR,,,,,,,,,
ImageID_K7JMHHZF,,,,,,,,,
ImageID_R5D6IQ3E,,,,,,,,,
ImageID_4ELAZS6G,,,,,,,,,
ImageID_NAX0LRIU,,,,,,,,,
ImageID_38LSD4CA,,,,,,,,,
ImageID_Q0JLOK2C,,,,,,,,,
ImageID_35ODBSHQ,,,,,,,,,
ImageID_D9Q5KVYV,,,,,,,,,
ImageID_GESCB5JB,,,,,,,,,
ImageID_F529I46V,,,,,,,,,
ImageID_CZGXRW91,,,,,,,,,
ImageID_J6EFBTJ4,,,,,,,,,
ImageID_0MBCCZLV,,,,,,,,,
ImageID_5KZ6Y712,,,,,,,,,
ImageID_HIP8YA0O,,,,,,,,,
ImageID_VHLVK3ZB,,,,,,,,,
ImageID_QS93KZMD,,,,,,,,,
ImageID_BV2ZXDB6,,,,,,,,,
ImageID_NJHN4CDE,,,,,,,,,
ImageID_RBYTWH55,,,,,,,,,
ImageID_J5WOD29Q,,,,,,,,,
ImageID_LMQOK8CL,,,,,,,,,
ImageID_FUMOEIJS,,,,,,,,,
ImageID_GXD3LRMP,,,,,,,,,
ImageID_572JNC1X,,,,,,,,,
ImageID_ZLULBWZD,,,,,,,,,
ImageID_2VCCAHO1,,,,,,,,,
ImageID_8GQZBO1M,,,,,,,,,
ImageID_G8ZW0KMS,,,,,,,,,
ImageID_UXUHMKTU,,,,,,,,,
ImageID_94XXS9CG,,,,,,,,,
ImageID_LTTI9L5Z,,,,,,,,,
ImageID_9MR2F0S8,,,,,,,,,
ImageID_45X304MR,,,,,,,,,
ImageID_G0AXAGJ5,,,,,,,,,
ImageID_HGIL3RG5,,,,,,,,,
ImageID_SYKY9Q2E,,,,,,,,,
ImageID_HNMQHQW5,,,,,,,,,
ImageID_OIR0KG14,,,,,,,,,
ImageID_JWZN0YC6,,,,,,,,,
ImageID_GYDX5AHC,,,,,,,,,
ImageID_50UWYWI2,,,,,,,,,
ImageID_YDW31ZE4,,,,,,,,,
ImageID_RXB8TCXU,,,,,,,,,
ImageID_L5RKET0L,,,,,,,,,
ImageID_841OMG87,,,,,,,,,
ImageID_VTO91XAQ,,,,,,,,,
ImageID_CR2R7S3W,,,,,,,,,
ImageID_ZIL2CMAY,,,,,,,,,
ImageID_UCPS37IK,,,,,,,,,
ImageID_IX8KCDNV,,,,,,,,,
ImageID_D7IVRL9W,,,,,,,,,
ImageID_047DFY3G,,,,,,,,,
ImageID_TS17U1WP,,,,,,,,,
ImageID_OQ7NPNFW,,,,,,,,,
ImageID_84WX1R0Z,,,,,,,,,
ImageID_YI743EGR,,,,,,,,,
ImageID_R1M7V7NE,,,,,,,,,
ImageID_X3IIAI5U,,,,,,,,,
ImageID_T0O60GQ1,,,,,,,,,
ImageID_BZ2WXQVW,,,,,,,,,
ImageID_0BXC5X0Q,,,,,,,,,
ImageID_DFGX32XP,,,,,,,,,
ImageID_55HQC5WK,,,,,,,,,
ImageID_LCA10SFN,,,,,,,,,
ImageID_3WVKN0K9,,,,,,,,,
ImageID_H5VQWF6V,,,,,,,,,
ImageID_ZSUY9O0K,,,,,,,,,
ImageID_9YJVEMMK,,,,,,,,,
ImageID_BEQDF3S4,,,,,,,,,
ImageID_EL7DPO4Y,,,,,,,,,
ImageID_P5OX8L33,,,,,,,,,
ImageID_0S9HN1TK,,,,,,,,,
ImageID_VVGHMI81,,,,,,,,,
ImageID_8PP8WCWW,,,,,,,,,
ImageID_U4LW7G2F,,,,,,,,,
ImageID_W0DADUHS,,,,,,,,,
ImageID_99Z23CR8,,,,,,,,,
ImageID_YMS6HH58,,,,,,,,,
ImageID_EEFUOIFK,,,,,,,,,
ImageID_3MVAR6P7,,,,,,,,,
ImageID_ZHBZ4PRN,,,,,,,,,
ImageID_8BSEJIKQ,,,,,,,,,
ImageID_AJROOUD0,,,,,,,,,
ImageID_VDXUFQJG,,,,,,,,,
ImageID_IRW5IMQF,,,,,,,,,
ImageID_WVLQP9J7,,,,,,,,,
ImageID_3IUKC6NJ,,,,,,,,,
ImageID_4G5OQ6L4,,,,,,,,,
ImageID_6G9MIJ2I,,,,,,,,,
ImageID_L51W1EZK,,,,,,,,,
ImageID_VDJ1TGP7,,,,,,,,,
ImageID_8WAUIPTW,,,,,,,,,
ImageID_K7D41SZF,,,,,,,,,
ImageID_U01Q110B,,,,,,,,,
ImageID_1A6RWR4U,,,,,,,,,
ImageID_STL520Y0,,,,,,,,,
ImageID_ZKCTQ98R,,,,,,,,,
ImageID_6LE6QI6T,,,,,,,,,
ImageID_U63ADW9A,,,,,,,,,
ImageID_DLAL5VUY,,,,,,,,,
ImageID_HX4JH48X,,,,,,,,,
ImageID_1S7STRIL,,,,,,,,,
ImageID_MEJXH8QD,,,,,,,,,
ImageID_WPB9WJBM,,,,,,,,,
ImageID_CRB3G4ZB,,,,,,,,,
ImageID_3XL3AE57,,,,,,,,,
ImageID_FRK01TRC,,,,,,,,,
ImageID_FRM6VC07,,,,,,,,,
ImageID_Q2H1FDUH,,,,,,,,,
ImageID_TFKDS2SW,,,,,,,,,
ImageID_NFHWNZVN,,,,,,,,,
ImageID_6T93EXSS,,,,,,,,,
ImageID_FEXSAKVP,,,,,,,,,
ImageID_SSXRWDH6,,,,,,,,,
ImageID_OMG7P7PT,,,,,,,,,
ImageID_VXH1QIW4,,,,,,,,,
ImageID_MCMFJ8XE,,,,,,,,,
ImageID_7DBNZD8Y,,,,,,,,,
ImageID_UGCNAXAK,,,,,,,,,
ImageID_2SFRZFJV,,,,,,,,,
ImageID_HBNG7MCG,,,,,,,,,
ImageID_NH7UFBHZ,,,,,,,,,
ImageID_NPWVZ3EX,,,,,,,,,
ImageID_GMLTMI1T,,,,,,,,,
ImageID_EMQGTW7Q,,,,,,,,,
ImageID_M6CG7NCY,,,,,,,,,
ImageID_VCA2J6Q5,,,,,,,,,
ImageID_KBIZHHW1,,,,,,,,,
ImageID_UKWJCIUG,,,,,,,,,
ImageID_T02F4IOU,,,,,,,,,
ImageID_R437JG1A,,,,,,,,,
ImageID_TAT8MMSY,,,,,,,,,
ImageID_4X03DWMT,,,,,,,,,
ImageID_PMLS98VT,,,,,,,,,
ImageID_LUNU43SP,,,,,,,,,
ImageID_2J8Y3EVS,,,,,,,,,
ImageID_TSNXI4Z3,,,,,,,,,
ImageID_B5WLFN5I,,,,,,,,,
ImageID_MJJ1CWLL,,,,,,,,,
ImageID_TJEQLNOW,,,,,,,,,
ImageID_RDK892YH,,,,,,,,,
ImageID_CJH0YCNR,,,,,,,,,
ImageID_IL00TWW7,,,,,,,,,
ImageID_974UNI41,,,,,,,,,
ImageID_S42G08NW,,,,,,,,,
ImageID_OC5C6P9V,,,,,,,,,
ImageID_PUHZ1KTM,,,,,,,,,
ImageID_DZJ0M0IS,,,,,,,,,
ImageID_YQ6GSZJ7,,,,,,,,,
ImageID_9LR0MTVF,,,,,,,,,
ImageID_KMAKJSSD,,,,,,,,,
ImageID_X9L6D9QT,,,,,,,,,
ImageID_C0LM86XE,,,,,,,,,
ImageID_A1GRIN7V,,,,,,,,,
ImageID_ADD1M0MG,,,,,,,,,
ImageID_MKMTGWJK,,,,,,,,,
ImageID_OPFSRRWP,,,,,,,,,
ImageID_MLSVK5SO,,,,,,,,,
ImageID_24S85NBF,,,,,,,,,
ImageID_1RQ8A8ZY,,,,,,,,,
ImageID_PZHF0URN,,,,,,,,,
ImageID_RKE16R6B,,,,,,,,,
ImageID_78DKWGFN,,,,,,,,,
ImageID_C46PYB9J,,,,,,,,,
ImageID_K9S2O01R,,,,,,,,,
ImageID_YB8KQP8M,,,,,,,,,
ImageID_2UYZU2A7,,,,,,,,,
ImageID_BCY3Z9K7,,,,,,,,,
ImageID_TQGTYROV,,,,,,,,,
ImageID_1NFNP6NV,,,,,,,,,
ImageID_E8YCVB83,,,,,,,,,
ImageID_7HQZ2CUN,,,,,,,,,
ImageID_CJPZDJNH,,,,,,,,,
ImageID_VCHIWMQS,,,,,,,,,
ImageID_B4JQ627Y,,,,,,,,,
ImageID_JVMHUI6L,,,,,,,,,
ImageID_LIYJ2YJX,,,,,,,,,
ImageID_1I5F47F5,,,,,,,,,
ImageID_XZCI7PVS,,,,,,,,,
ImageID_53U91K9F,,,,,,,,,
ImageID_XQG5WRZU,,,,,,,,,
ImageID_BSPJPD9L,,,,,,,,,
ImageID_B899RAT6,,,,,,,,,
ImageID_4HO5X5JQ,,,,,,,,,
ImageID_Y2HXXPL2,,,,,,,,,
ImageID_KT9MG2Z9,,,,,,,,,
ImageID_SYYKAK8I,,,,,,,,,
ImageID_D8F3SXHP,,,,,,,,,
ImageID_XQBIHVBY,,,,,,,,,
ImageID_N2XWNBSQ,,,,,,,,,
ImageID_J4ST5NBT,,,,,,,,,
ImageID_EMAZP441,,,,,,,,,
ImageID_GIJJXH28,,,,,,,,,
ImageID_LWXZBEIF,,,,,,,,,
ImageID_JPFQ4UT6,,,,,,,,,
ImageID_RCV4ZXCF,,,,,,,,,
ImageID_1PRFC93D,,,,,,,,,
ImageID_3ANNM0IX,,,,,,,,,
ImageID_O3V1H8TP,,,,,,,,,
ImageID_0LQ3SVW2,,,,,,,,,
ImageID_8CNJTI63,,,,,,,,,
ImageID_1CREE0V9,,,,,,,,,
ImageID_26HNDUC6,,,,,,,,,
ImageID_YY8GJKWQ,,,,,,,,,
ImageID_RG7BJVER,,,,,,,,,
ImageID_TVCLV0OE,,,,,,,,,
ImageID_262HX55P,,,,,,,,,
ImageID_868MIF88,,,,,,,,,
ImageID_9MFE6BIA,,,,,,,,,
ImageID_HKZ5ZTW0,,,,,,,,,
ImageID_1AJ75IAH,,,,,,,,,
ImageID_AF5AQEO6,,,,,,,,,
ImageID_BGYAQUWU,,,,,,,,,
ImageID_4JFXQQ7G,,,,,,,,,
ImageID_90CLB80Q,,,,,,,,,
ImageID_AQ018Z1Q,,,,,,,,,
ImageID_HJ9UWBT2,,,,,,,,,
ImageID_XMEE8NPS,,,,,,,,,
ImageID_71EXBJL3,,,,,,,,,
ImageID_VR9PFXE2,,,,,,,,,
ImageID_EZ2XLJDT,,,,,,,,,
ImageID_W4RD11FB,,,,,,,,,
ImageID_JUGKCN4Y,,,,,,,,,
ImageID_JJNT9D9P,,,,,,,,,
ImageID_VRTHCS91,,,,,,,,,
ImageID_WIOLN0MV,,,,,,,,,
ImageID_P7KVQT77,,,,,,,,,
ImageID_295UILTL,,,,,,,,,
ImageID_N0W4HXBX,,,,,,,,,
ImageID_HU4DTG1L,,,,,,,,,
ImageID_YRXKDR2D,,,,,,,,,
ImageID_SK8BDIRV,,,,,,,,,
ImageID_34XIGMQY,,,,,,,,,
ImageID_KFSBYGLS,,,,,,,,,
ImageID_D7L23FWG,,,,,,,,,
ImageID_L4FCAIVL,,,,,,,,,
ImageID_R58L0EBP,,,,,,,,,
ImageID_PWBB13W5,,,,,,,,,
ImageID_7RMO8P12,,,,,,,,,
ImageID_MDX1PXK2,,,,,,,,,
ImageID_UA80OB7O,,,,,,,,,
ImageID_L9B7EMY7,,,,,,,,,
ImageID_GWPRVBRV,,,,,,,,,
ImageID_ZDRYNCCY,,,,,,,,,
ImageID_M9TXUYCW,,,,,,,,,
ImageID_8MUXC5TI,,,,,,,,,
ImageID_6VSMYAY3,,,,,,,,,
ImageID_TBT7XX9H,,,,,,,,,
ImageID_8V69RFXK,,,,,,,,,
ImageID_NVSA2DI5,,,,,,,,,
ImageID_C4XH73SO,,,,,,,,,
ImageID_FAK4JNZB,,,,,,,,,
ImageID_ZTE1EBKO,,,,,,,,,
ImageID_RCHRB90L,,,,,,,,,
ImageID_FEO7VPJF,,,,,,,,,
ImageID_S0DP0OZ5,,,,,,,,,
ImageID_1TMD8FAC,,,,,,,,,
ImageID_I2HITI1A,,,,,,,,,
ImageID_64RIB20W,,,,,,,,,
ImageID_WOEUU9HR,,,,,,,,,
ImageID_B4W9TDE8,,,,,,,,,
ImageID_WXHR0R57,,,,,,,,,
ImageID_14C5PT1R,,,,,,,,,
ImageID_40HKOQ6C,,,,,,,,,
ImageID_505OJB6F,,,,,,,,,
ImageID_0GRURYHO,,,,,,,,,
ImageID_75W3FGPA,,,,,,,,,
ImageID_D3EFELX7,,,,,,,,,
ImageID_D9TL2AFE,,,,,,,,,
ImageID_BZLTJGMM,,,,,,,,,
ImageID_VD9EJOBV,,,,,,,,,
ImageID_IVK2B99V,,,,,,,,,
ImageID_3LT40FCT,,,,,,,,,
ImageID_EI2TSKU7,,,,,,,,,
ImageID_0PTEV7KM,,,,,,,,,
ImageID_GNDXV9XP,,,,,,,,,
ImageID_SP6VO4H2,,,,,,,,,
ImageID_R0X5P2I5,,,,,,,,,
ImageID_Y6FR9XON,,,,,,,,,
ImageID_YU4905U4,,,,,,,,,
ImageID_D4PNZANZ,,,,,,,,,
ImageID_X9PL08LD,,,,,,,,,
ImageID_AJYBOBPQ,,,,,,,,,
ImageID_6ID8DTM8,,,,,,,,,
ImageID_6935KM34,,,,,,,,,
ImageID_22IJ3N6E,,,,,,,,,
ImageID_ATKVMNJI,,,,,,,,,
ImageID_7N64A3FA,,,,,,,,,
ImageID_AWOTHF2C,,,,,,,,,
ImageID_0TODSMJV,,,,,,,,,
ImageID_JC4KQGBL,,,,,,,,,
ImageID_XV8J8LT1,,,,,,,,,
ImageID_UKHZI2VN,,,,,,,,,
ImageID_CJZT1PNI,,,,,,,,,
ImageID_XCYM6WN5,,,,,,,,,
ImageID_K74VBUAS,,,,,,,,,
ImageID_1PNUXDNH,,,,,,,,,
ImageID_4VYMH9LZ,,,,,,,,,
ImageID_HZZFIHRO,,,,,,,,,
ImageID_LUIWWP2W,,,,,,,,,
ImageID_IUE7L9MY,,,,,,,,,
ImageID_N671RY3I,,,,,,,,,
ImageID_WC4CQHBM,,,,,,,,,
ImageID_NUJXPNT8,,,,,,,,,
ImageID_0OOYNT3Z,,,,,,,,,
ImageID_17QE2ETB,,,,,,,,,
ImageID_YICDCA0K,,,,,,,,,
ImageID_LSLR5M9U,,,,,,,,,
ImageID_4ZRQZ9JE,,,,,,,,,
ImageID_Q945W91X,,,,,,,,,
ImageID_UWTRKBPP,,,,,,,,,
ImageID_QKS77BSX,,,,,,,,,
ImageID_S3GVTASI,,,,,,,,,
ImageID_Z7V6WUKB,,,,,,,,,
ImageID_K4GXPDAE,,,,,,,,,
ImageID_YMT9KHFI,,,,,,,,,
ImageID_8TZX1FCN,,,,,,,,,
ImageID_O5RY8QEG,,,,,,,,,
ImageID_CTZBG19F,,,,,,,,,
ImageID_GSMOV5OL,,,,,,,,,
ImageID_14N8EWGC,,,,,,,,,
ImageID_7B9EVMLG,,,,,,,,,
ImageID_5JUJC6LM,,,,,,,,,
ImageID_HWIC2KC7,,,,,,,,,
ImageID_W9CHAFI5,,,,,,,,,
ImageID_R1VL93DH,,,,,,,,,
ImageID_REHNF3PO,,,,,,,,,
ImageID_06M4DAHK,,,,,,,,,
ImageID_C6OUW13O,,,,,,,,,
ImageID_Q6L4SF5G,,,,,,,,,
ImageID_RXQOU9UX,,,,,,,,,
ImageID_3R2L0CRT,,,,,,,,,
ImageID_2PZ35ZLA,,,,,,,,,
ImageID_C24LF8HO,,,,,,,,,
ImageID_RX0YB7C4,,,,,,,,,
ImageID_RAZJQMQI,,,,,,,,,
ImageID_LKG6CLX6,,,,,,,,,
ImageID_DKXQWIS8,,,,,,,,,
ImageID_I3K74KRZ,,,,,,,,,
ImageID_S1MBPRLY,,,,,,,,,
ImageID_J61WMT88,,,,,,,,,
ImageID_EGW9GSZU,,,,,,,,,
ImageID_C0FY95V1,,,,,,,,,
ImageID_UH52D1XB,,,,,,,,,
ImageID_OJ9UTECG,,,,,,,,,
ImageID_J8HJRBO0,,,,,,,,,
ImageID_ZR1I0WZH,,,,,,,,,
ImageID_J4K15597,,,,,,,,,
ImageID_PZHV59VS,,,,,,,,,
ImageID_LANA4A7K,,,,,,,,,
ImageID_HPO51Q61,,,,,,,,,
ImageID_LM5A7LSY,,,,,,,,,
ImageID_O9N369BE,,,,,,,,,
ImageID_IL19MJV6,,,,,,,,,
ImageID_OZRVRQ7K,,,,,,,,,
ImageID_W5DQDW4Z,,,,,,,,,
ImageID_FN2QRE0W,,,,,,,,,
ImageID_B1Y5CAG3,,,,,,,,,
ImageID_4QLUA1WD,,,,,,,,,
ImageID_2X5PBI26,,,,,,,,,
ImageID_WPZ24W5D,,,,,,,,,
ImageID_E2LHTFS5,,,,,,,,,
ImageID_OSKYF71H,,,,,,,,,
ImageID_00CB7YJ2,,,,,,,,,
ImageID_T7BJDDUS,,,,,,,,,
ImageID_PAJR512H,,,,,,,,,
ImageID_CS90OCGX,,,,,,,,,
ImageID_5ONENO8A,,,,,,,,,
ImageID_PJEZ85XW,,,,,,,,,
ImageID_VL47N0UU,,,,,,,,,
ImageID_1FURMOYP,,,,,,,,,
ImageID_BC5OJ4DH,,,,,,,,,
ImageID_IOMTNWH6,,,,,,,,,
ImageID_Z0NLX6F1,,,,,,,,,
ImageID_GKXWMWZT,,,,,,,,,
ImageID_OBAOQIT6,,,,,,,,,
ImageID_JA1D3RRJ,,,,,,,,,
ImageID_BYLXKC6P,,,,,,,,,
ImageID_YAW17VLC,,,,,,,,,
ImageID_M35COM5W,,,,,,,,,
ImageID_49X1L6XC,,,,,,,,,
ImageID_RMFG8SI3,,,,,,,,,
ImageID_HLO0F66B,,,,,,,,,
ImageID_7ZWJ39E3,,,,,,,,,
ImageID_VOOCIAPK,,,,,,,,,
ImageID_GRAHX20J,,,,,,,,,
ImageID_UKWMS96T,,,,,,,,,
ImageID_FR03B6IA,,,,,,,,,
ImageID_0V08JKPY,,,,,,,,,
ImageID_37I2BA6W,,,,,,,,,
ImageID_4XZ3I8FI,,,,,,,,,
ImageID_NRUOJFNE,,,,,,,,,
ImageID_NOW8G9XJ,,,,,,,,,
ImageID_TUGQ4LN8,,,,,,,,,
ImageID_J8Q0TJLB,,,,,,,,,
ImageID_PVWOVIWH,,,,,,,,,
ImageID_CVN6TL62,,,,,,,,,
ImageID_BKKF79JY,,,,,,,,,
ImageID_BEB6XN9N,,,,,,,,,
ImageID_FJ6NDBIG,,,,,,,,,
ImageID_U5E9B5JM,,,,,,,,,
ImageID_JOZ9CC45,,,,,,,,,
ImageID_RAESZYW5,,,,,,,,,
ImageID_ZF04HLJL,,,,,,,,,
ImageID_1WWNR2LI,,,,,,,,,
ImageID_BH1ZGBXZ,,,,,,,,,
ImageID_QGXS3DKH,,,,,,,,,
ImageID_2UI3JZ7J,,,,,,,,,
ImageID_C9I4JG88,,,,,,,,,
ImageID_1U2906DE,,,,,,,,,
ImageID_LMV3G97U,,,,,,,,,
ImageID_DZYZOPOG,,,,,,,,,
ImageID_Y1ULY4H7,,,,,,,,,
ImageID_47RE5KMH,,,,,,,,,
ImageID_XMK0K373,,,,,,,,,
ImageID_A0JX79XG,,,,,,,,,
ImageID_GLTFVF40,,,,,,,,,
ImageID_0U48BT8O,,,,,,,,,
ImageID_WW4H1SEN,,,,,,,,,
ImageID_PNCOLGFO,,,,,,,,,
ImageID_KXMEZSXM,,,,,,,,,
ImageID_A47BT1C6,,,,,,,,,
ImageID_2HNPWZEP,,,,,,,,,
ImageID_8I5ESJS3,,,,,,,,,
ImageID_09E6SHKB,,,,,,,,,
ImageID_YYZ0DNIF,,,,,,,,,
ImageID_9SKSUDEN,,,,,,,,,
ImageID_TF5EL51R,,,,,,,,,
ImageID_F3P1L9BL,,,,,,,,,
ImageID_Z5N65SZL,,,,,,,,,
ImageID_91VZ0P8W,,,,,,,,,
ImageID_GQFX29S5,,,,,,,,,
ImageID_0IX7029X,,,,,,,,,
ImageID_50AW3NHL,,,,,,,,,
ImageID_DHOXRLWD,,,,,,,,,
ImageID_SBGC04EM,,,,,,,,,
ImageID_DNF8H1HU,,,,,,,,,
ImageID_IAAHYOQB,,,,,,,,,
ImageID_7NJDYL99,,,,,,,,,
ImageID_FESLUDW5,,,,,,,,,
ImageID_U4VYF3UQ,,,,,,,,,
ImageID_RMDRH1YD,,,,,,,,,
ImageID_Z5HJCP9I,,,,,,,,,
ImageID_DN9XOOXS,,,,,,,,,
ImageID_DXWZSLUR,,,,,,,,,
ImageID_C3PYPRNB,,,,,,,,,
ImageID_OTWIK3YM,,,,,,,,,
ImageID_1KE93EO5,,,,,,,,,
ImageID_4JC1KOE3,,,,,,,,,
ImageID_3W9VV7HW,,,,,,,,,
ImageID_HJZMIAZ1,,,,,,,,,
ImageID_UW451HG4,,,,,,,,,
ImageID_83PM1G9Q,,,,,,,,,
ImageID_W1Y3AM0R,,,,,,,,,
ImageID_1Q8O4IOH,,,,,,,,,
ImageID_LF5VWVNT,,,,,,,,,
ImageID_7HF7BA2X,,,,,,,,,
ImageID_N7REL01Z,,,,,,,,,
ImageID_Y30T0R7S,,,,,,,,,
ImageID_G1MPAPMN,,,,,,,,,
ImageID_VJQBRNV8,,,,,,,,,
ImageID_X7M8HGUI,,,,,,,,,
ImageID_8KMVAWZ5,,,,,,,,,
ImageID_2N8ECRN8,,,,,,,,,
ImageID_K2R3A3DL,,,,,,,,,
ImageID_IYN64Q1N,,,,,,,,,
ImageID_E81X30UI,,,,,,,,,
ImageID_B4K7FH1G,,,,,,,,,
ImageID_MNNIDOSP,,,,,,,,,
ImageID_YVBG95RP,,,,,,,,,
ImageID_796OPQNP,,,,,,,,,
ImageID_HYTCVNV3,,,,,,,,,
ImageID_NLOK8DZL,,,,,,,,,
ImageID_YAY4HI1E,,,,,,,,,
ImageID_RHHMY45D,,,,,,,,,
ImageID_FTDNTXXP,,,,,,,,,
ImageID_H0MQKOEK,,,,,,,,,
ImageID_CV0LAJ6G,,,,,,,,,
ImageID_HVP1O3ZD,,,,,,,,,
ImageID_GO249CZH,,,,,,,,,
ImageID_YYRTUJ64,,,,,,,,,
ImageID_MH60POPD,,,,,,,,,
ImageID_R9ER0VQ8,,,,,,,,,
ImageID_EOXCQ5XV,,,,,,,,,
ImageID_FLWY54ID,,,,,,,,,
ImageID_6J6S7IWI,,,,,,,,,
ImageID_Q9RM9TUD,,,,,,,,,
ImageID_0D4CS038,,,,,,,,,
ImageID_QVZALP4Z,,,,,,,,,
ImageID_GD3KO09J,,,,,,,,,
ImageID_Y2088G7M,,,,,,,,,
ImageID_BAUVSV6O,,,,,,,,,
ImageID_DCGCTSYO,,,,,,,,,
ImageID_WJPHJLNR,,,,,,,,,
ImageID_QSHPV315,,,,,,,,,
ImageID_BNJKB4OZ,,,,,,,,,
ImageID_4LZ9BO46,,,,,,,,,
ImageID_LD8UMDRC,,,,,,,,,
ImageID_CPUC5AFY,,,,,,,,,
ImageID_0H45GI94,,,,,,,,,
ImageID_7TV15H1L,,,,,,,,,
ImageID_KZY88OPN,,,,,,,,,
ImageID_57ICUTEV,,,,,,,,,
ImageID_GXID6Y7V,,,,,,,,,
ImageID_MRD6BV4B,,,,,,,,,
ImageID_SLHJI0XK,,,,,,,,,
ImageID_22FLU4C6,,,,,,,,,
ImageID_8UT43D79,,,,,,,,,
ImageID_TC48V69A,,,,,,,,,
ImageID_GYMHGPKF,,,,,,,,,
ImageID_KBR18PUP,,,,,,,,,
ImageID_KOA5JRS0,,,,,,,,,
ImageID_1QDFAUPM,,,,,,,,,
ImageID_C5LGFS6I,,,,,,,,,
ImageID_D76K06OJ,,,,,,,,,
ImageID_PKPB7Z6G,,,,,,,,,
ImageID_PNNE0TXL,,,,,,,,,
ImageID_H72SCGL3,,,,,,,,,
ImageID_U1FMQR6E,,,,,,,,,
ImageID_6BZPGXCZ,,,,,,,,,
ImageID_BY3YV6IW,,,,,,,,,
ImageID_Z4X59RJ7,,,,,,,,,
ImageID_BIHA8V96,,,,,,,,,
ImageID_DNZB5VRJ,,,,,,,,,
ImageID_4ZNIUZJ2,,,,,,,,,
ImageID_EH50ZM9T,,,,,,,,,
ImageID_15D64DJ4,,,,,,,,,
ImageID_D3U9BWGO,,,,,,,,,
ImageID_95T3L8KA,,,,,,,,,
ImageID_MLLG9VM3,,,,,,,,,
ImageID_XA9VB364,,,,,,,,,
ImageID_K9BBEUOH,,,,,,,,,
ImageID_CZBAEAFA,,,,,,,,,
ImageID_EJF91PTM,,,,,,,,,
ImageID_ZAMNJDIP,,,,,,,,,
ImageID_KEKFV8MC,,,,,,,,,
ImageID_TD1HM4FH,,,,,,,,,
ImageID_T05OM9A7,,,,,,,,,
ImageID_5DNDFYKW,,,,,,,,,
ImageID_LFJYJGR2,,,,,,,,,
ImageID_RQWVMTXV,,,,,,,,,
ImageID_MNEXQYSS,,,,,,,,,
ImageID_V95XP829,,,,,,,,,
ImageID_0FMMPC82,,,,,,,,,
ImageID_DZWNCX67,,,,,,,,,
ImageID_QFC1KABV,,,,,,,,,
ImageID_LH0M2VH7,,,,,,,,,
ImageID_E3IT2336,,,,,,,,,
ImageID_M3WRUI5I,,,,,,,,,
ImageID_9ELJARDC,,,,,,,,,
ImageID_DYT2HEGG,,,,,,,,,
ImageID_WTY1EYUV,,,,,,,,,
ImageID_RVQLD7GN,,,,,,,,,
ImageID_ASBVA8XE,,,,,,,,,
ImageID_YHDLUYE7,,,,,,,,,
ImageID_DF8QKWAC,,,,,,,,,
ImageID_Y5ZUOUBQ,,,,,,,,,
ImageID_5H32A18H,,,,,,,,,
ImageID_HVBC0VYH,,,,,,,,,
ImageID_L5YSWEXE,,,,,,,,,
ImageID_TF80AN8T,,,,,,,,,
ImageID_612WR0EX,,,,,,,,,
ImageID_B3VF5VK8,,,,,,,,,
ImageID_DWV8KUXO,,,,,,,,,
ImageID_JS0RSISM,,,,,,,,,
ImageID_441DV9U1,,,,,,,,,
ImageID_U3R57AGT,,,,,,,,,
ImageID_1SYIVS1W,,,,,,,,,
ImageID_OTCW93R2,,,,,,,,,
ImageID_GPC1LFPL,,,,,,,,,
ImageID_4RW6ORIS,,,,,,,,,
ImageID_2FOMO51Z,,,,,,,,,
ImageID_EFMYZYBT,,,,,,,,,
ImageID_3WTBV6DI,,,,,,,,,
ImageID_QNN8FPVS,,,,,,,,,
ImageID_A28AG9Z6,,,,,,,,,
ImageID_CBR0LQPV,,,,,,,,,
ImageID_29OK2Y6G,,,,,,,,,
ImageID_UB4LHP2G,,,,,,,,,
ImageID_26D46MJG,,,,,,,,,
ImageID_73SBUJVT,,,,,,,,,
ImageID_A6AZ3UC6,,,,,,,,,
ImageID_YIG1WNA8,,,,,,,,,
ImageID_R10NYMM4,,,,,,,,,
ImageID_SJCWVOXQ,,,,,,,,,
ImageID_SK2Z82XS,,,,,,,,,
ImageID_68NMR3FP,,,,,,,,,
ImageID_UCE5XB50,,,,,,,,,
ImageID_S5PYYMZJ,,,,,,,,,
ImageID_I7BO912G,,,,,,,,,
ImageID_EWN9NGFM,,,,,,,,,
ImageID_38A28DW9,,,,,,,,,
ImageID_WYZ1JYKK,,,,,,,,,
ImageID_A26W2HXC,,,,,,,,,
ImageID_1PJQEXVC,,,,,,,,,
ImageID_DDFO97TA,,,,,,,,,
ImageID_GTL6Q64D,,,,,,,,,
ImageID_Y4T02LVT,,,,,,,,,
ImageID_BVL48CPE,,,,,,,,,
ImageID_KDO31872,,,,,,,,,
ImageID_LEWZARNM,,,,,,,,,
ImageID_UWB514RH,,,,,,,,,
ImageID_7P6CG2ZM,,,,,,,,,
ImageID_N4SJ0RY5,,,,,,,,,
ImageID_5WAPARJ1,,,,,,,,,
ImageID_X2U4A5IM,,,,,,,,,
ImageID_FSPMR4WS,,,,,,,,,
ImageID_DFIYUEP6,,,,,,,,,
ImageID_I5S08R3J,,,,,,,,,
ImageID_JJW97EDJ,,,,,,,,,
ImageID_XM5L18NH,,,,,,,,,
ImageID_FIG5E3MW,,,,,,,,,
ImageID_K3TO0TK8,,,,,,,,,
ImageID_ICLHXUX5,,,,,,,,,
ImageID_M52TDPOH,,,,,,,,,
ImageID_SQDV2S2B,,,,,,,,,
ImageID_51V2G06P,,,,,,,,,
ImageID_TZG46FG0,,,,,,,,,
ImageID_WT088ZNS,,,,,,,,,
ImageID_8E1S0QUC,,,,,,,,,
ImageID_1UZSANVI,,,,,,,,,
ImageID_JOZVD1AN,,,,,,,,,
ImageID_HEUBFO2V,,,,,,,,,
ImageID_DQP1KVM2,,,,,,,,,
ImageID_E8IL2VAB,,,,,,,,,
ImageID_ZJLX0GEU,,,,,,,,,
ImageID_KFR4D7FP,,,,,,,,,
ImageID_TZ6G3PCO,,,,,,,,,
ImageID_M3WBOL9J,,,,,,,,,
ImageID_Z5RG2WJP,,,,,,,,,
ImageID_KO0F57TX,,,,,,,,,
ImageID_13MF46VD,,,,,,,,,
ImageID_CB63H26E,,,,,,,,,
ImageID_DA8X8ZAW,,,,,,,,,
ImageID_BCAJIIEF,,,,,,,,,
ImageID_VEQC8FO7,,,,,,,,,
ImageID_BZMCIOY8,,,,,,,,,
ImageID_OFGBF9YZ,,,,,,,,,
ImageID_WJQZ05PF,,,,,,,,,
ImageID_R2I47IQL,,,,,,,,,
ImageID_RHIE1NKX,,,,,,,,,
ImageID_ZPB2G37Q,,,,,,,,,
ImageID_2L4NDVLO,,,,,,,,,
ImageID_08F8MJSG,,,,,,,,,
ImageID_UB57W5JI,,,,,,,,,
ImageID_H65QA31A,,,,,,,,,
ImageID_X7HP9M0F,,,,,,,,,
ImageID_R7K366S6,,,,,,,,,
ImageID_A3VQI5WL,,,,,,,,,
ImageID_9NJU7SKB,,,,,,,,,
ImageID_85SCIDHG,,,,,,,,,
ImageID_UK6FEP8D,,,,,,,,,
ImageID_B3OD5GA5,,,,,,,,,
ImageID_ZDM8NZWM,,,,,,,,,
ImageID_XJAD1IMS,,,,,,,,,
ImageID_IKD9X4XZ,,,,,,,,,
ImageID_N077CU0N,,,,,,,,,
ImageID_SHBRXPVD,,,,,,,,,
ImageID_EAKTZ5K5,,,,,,,,,
ImageID_PSU7I6ID,,,,,,,,,
ImageID_K93NP9PT,,,,,,,,,
ImageID_UT1N6R3S,,,,,,,,,
ImageID_9I6ELU76,,,,,,,,,
ImageID_WM6XDLHO,,,,,,,,,
ImageID_P53JHIBA,,,,,,,,,
ImageID_777HK4AW,,,,,,,,,
ImageID_PIFHMBXE,,,,,,,,,
ImageID_O21QCPNE,,,,,,,,,
ImageID_ELGU3HF0,,,,,,,,,
ImageID_QNVJGKXS,,,,,,,,,
ImageID_8CDLQRAU,,,,,,,,,
ImageID_95UW3KR0,,,,,,,,,
ImageID_0LVY3I1I,,,,,,,,,
ImageID_QQT4K38C,,,,,,,,,
ImageID_LCVL19R7,,,,,,,,,
ImageID_XUZVKP78,,,,,,,,,
ImageID_T9VSG3SE,,,,,,,,,
ImageID_7TB7QES7,,,,,,,,,
ImageID_33M07LOZ,,,,,,,,,
ImageID_GKEUXXP9,,,,,,,,,
ImageID_1EG1940S,,,,,,,,,
ImageID_2L3YRZMW,,,,,,,,,
ImageID_TPRI590X,,,,,,,,,
ImageID_XQERDTU2,,,,,,,,,
ImageID_WY7PUHU8,,,,,,,,,
ImageID_B4V6OG8I,,,,,,,,,
ImageID_FB7PMU0Z,,,,,,,,,
ImageID_RRJYMQLD,,,,,,,,,
ImageID_XGDSHAXK,,,,,,,,,
ImageID_ERPQ7TDX,,,,,,,,,
ImageID_D7URQN4Z,,,,,,,,,
ImageID_4VHGQDXH,,,,,,,,,
ImageID_MY3RFRAN,,,,,,,,,
ImageID_I4SBQ2I6,,,,,,,,,
ImageID_3ZCM8VQ7,,,,,,,,,
ImageID_GNGKUWLP,,,,,,,,,
ImageID_Z0IVGRNQ,,,,,,,,,
ImageID_JHI80CUB,,,,,,,,,
ImageID_UJIUJ0QA,,,,,,,,,
ImageID_98GHRU5S,,,,,,,,,
ImageID_YLKMPJZK,,,,,,,,,
ImageID_O9KBS4AG,,,,,,,,,
ImageID_KSHND3UG,,,,,,,,,
ImageID_RVDSRQ4Y,,,,,,,,,
ImageID_OAPQMNQD,,,,,,,,,
ImageID_13UCUQ16,,,,,,,,,
ImageID_C0U3F91O,,,,,,,,,
ImageID_YKVJZ2I2,,,,,,,,,
ImageID_FDM52IUC,,,,,,,,,
ImageID_LBNBVVKN,,,,,,,,,
ImageID_D7JPC7J6,,,,,,,,,
ImageID_2P5R8RSF,,,,,,,,,
ImageID_G5UMSGT8,,,,,,,,,
ImageID_ENV37W2L,,,,,,,,,
ImageID_HYNXN3RM,,,,,,,,,
ImageID_PWBIQLG2,,,,,,,,,
ImageID_6ZR1Y8JF,,,,,,,,,
ImageID_6ZYM85NX,,,,,,,,,
ImageID_O3PW4WW2,,,,,,,,,
ImageID_VV1415RO,,,,,,,,,
ImageID_KM049EIY,,,,,,,,,
ImageID_WBPSSO8I,,,,,,,,,
ImageID_CHQCSQBL,,,,,,,,,
ImageID_KJB2CU4H,,,,,,,,,
ImageID_1ALT9MQG,,,,,,,,,
ImageID_GY7UDWL9,,,,,,,,,
ImageID_ATLQM33S,,,,,,,,,
ImageID_CW8VXKNO,,,,,,,,,
ImageID_DGNKBHXN,,,,,,,,,
ImageID_SEJPCFHH,,,,,,,,,
ImageID_FWD29KT3,,,,,,,,,
ImageID_90YDS3A7,,,,,,,,,
ImageID_2G5INB1X,,,,,,,,,
ImageID_2NGXFAWB,,,,,,,,,
ImageID_5VGZJ85U,,,,,,,,,
ImageID_S72KDSMC,,,,,,,,,
ImageID_CEL10Q7C,,,,,,,,,
ImageID_I3X4J9RL,,,,,,,,,
ImageID_JAB5RUNF,,,,,,,,,
ImageID_UR0ZOVR5,,,,,,,,,
ImageID_0NE5LZGX,,,,,,,,,
ImageID_FF0Z8I02,,,,,,,,,
ImageID_40QUTI1D,,,,,,,,,
ImageID_94713GCR,,,,,,,,,
ImageID_QKRZRAK4,,,,,,,,,
ImageID_QCALBQNF,,,,,,,,,
ImageID_H1M0TKZU,,,,,,,,,
ImageID_2S89FF4T,,,,,,,,,
ImageID_PWM0MFRK,,,,,,,,,
ImageID_O24E8U1H,,,,,,,,,
ImageID_SRJBLYI4,,,,,,,,,
ImageID_LIO0PBN1,,,,,,,,,
ImageID_7FR0D88M,,,,,,,,,
ImageID_SA8IXLDX,,,,,,,,,
ImageID_Y32B09OR,,,,,,,,,
ImageID_QW3D1BWV,,,,,,,,,
ImageID_1NP8C5X8,,,,,,,,,
ImageID_B7YJL1IJ,,,,,,,,,
ImageID_5M5FQCAP,,,,,,,,,
ImageID_S81K8OC3,,,,,,,,,
ImageID_OI4OZLEF,,,,,,,,,
ImageID_Y6WZYQ8R,,,,,,,,,
ImageID_AYKNO0NF,,,,,,,,,
ImageID_687T2305,,,,,,,,,
ImageID_9AILX1AC,,,,,,,,,
ImageID_8PQO1M3H,,,,,,,,,
ImageID_SXY64IS6,,,,,,,,,
ImageID_7OT7HXVR,,,,,,,,,
ImageID_QE0CEGW0,,,,,,,,,
ImageID_DCS73B56,,,,,,,,,
ImageID_S2R0CQRW,,,,,,,,,
ImageID_ZKV8FH4W,,,,,,,,,
ImageID_3POK34ZD,,,,,,,,,
ImageID_42TUAF9Z,,,,,,,,,
ImageID_CNLSSQ3Z,,,,,,,,,
ImageID_VGCG1DA8,,,,,,,,,
ImageID_EHC3I1LO,,,,,,,,,
ImageID_BSZ0ZE6D,,,,,,,,,
ImageID_7Y43KILU,,,,,,,,,
ImageID_PYLG7HIH,,,,,,,,,
ImageID_U1EG2405,,,,,,,,,
ImageID_6WLQOPAK,,,,,,,,,
ImageID_6PDAP92J,,,,,,,,,
ImageID_VFYT8GBS,,,,,,,,,
ImageID_KK3ONHY6,,,,,,,,,
ImageID_P9IW1SO7,,,,,,,,,
ImageID_G1RMGQRJ,,,,,,,,,
ImageID_67RF7V3B,,,,,,,,,
ImageID_9PS3YOXQ,,,,,,,,,
ImageID_AVZFQMZX,,,,,,,,,
ImageID_NO37ASO8,,,,,,,,,
ImageID_28K5ZU8N,,,,,,,,,
ImageID_966UCQ66,,,,,,,,,
ImageID_OI5DTJ11,,,,,,,,,
ImageID_K9E5HUNF,,,,,,,,,
ImageID_1S3TQI90,,,,,,,,,
ImageID_DNFSEKNQ,,,,,,,,,
ImageID_39O956ZN,,,,,,,,,
ImageID_Q1SMGU3R,,,,,,,,,
ImageID_D3SBWHRP,,,,,,,,,
ImageID_EUVQ0VKX,,,,,,,,,
ImageID_1UDGJCWO,,,,,,,,,
ImageID_30YGT99H,,,,,,,,,
ImageID_9Q3IAVIM,,,,,,,,,
ImageID_TPQP3QPG,,,,,,,,,
ImageID_9FEIFRY8,,,,,,,,,
ImageID_VYTCKHS0,,,,,,,,,
ImageID_GGWMK9MG,,,,,,,,,
ImageID_SXQUE5J8,,,,,,,,,
ImageID_R6QP3PBN,,,,,,,,,
ImageID_TSW846N0,,,,,,,,,
ImageID_9ZKLE79Y,,,,,,,,,
ImageID_42XGXQJU,,,,,,,,,
ImageID_Z4RZI39H,,,,,,,,,
ImageID_MPLZ0FG7,,,,,,,,,
ImageID_5D0BVSEN,,,,,,,,,
ImageID_I5H76ZR7,,,,,,,,,
ImageID_OOMSUM0G,,,,,,,,,
ImageID_ZUWAM193,,,,,,,,,
ImageID_P5D3IR1N,,,,,,,,,
ImageID_ABF1ZSZ8,,,,,,,,,
ImageID_32Y9S6JY,,,,,,,,,
ImageID_MIC5XTBY,,,,,,,,,
ImageID_AP9ACYKU,,,,,,,,,
ImageID_5T2QHQ2G,,,,,,,,,
ImageID_KQ7HRCKW,,,,,,,,,
ImageID_FERJX0XA,,,,,,,,,
ImageID_4UBHI2BI,,,,,,,,,
ImageID_PDVAO3CK,,,,,,,,,
ImageID_JZ5AH87W,,,,,,,,,
ImageID_7KPGSPIA,,,,,,,,,
ImageID_PSKMXXTR,,,,,,,,,
ImageID_4OVO4S4P,,,,,,,,,
ImageID_KOHIGDFB,,,,,,,,,
ImageID_DAFCKT84,,,,,,,,,
ImageID_67H8NEZ0,,,,,,,,,
ImageID_64M29AG2,,,,,,,,,
ImageID_7OJDYEL0,,,,,,,,,
ImageID_3LL65XN5,,,,,,,,,
ImageID_UDHRCGZT,,,,,,,,,
ImageID_DSZSRHGV,,,,,,,,,
ImageID_CEB1J62I,,,,,,,,,
ImageID_MV9WG4NY,,,,,,,,,
ImageID_ICU6Q1U2,,,,,,,,,
ImageID_1ER5A1DI,,,,,,,,,
ImageID_XT861DF2,,,,,,,,,
ImageID_EJAG6LHE,,,,,,,,,
ImageID_82CUQ77U,,,,,,,,,
ImageID_6FQ0S6B0,,,,,,,,,
ImageID_K3SOI6AS,,,,,,,,,
ImageID_8PJZM7RN,,,,,,,,,
ImageID_WCO2D6I4,,,,,,,,,
ImageID_PL0N6JQD,,,,,,,,,
ImageID_W1ZINLUG,,,,,,,,,
ImageID_ZB8OPSEM,,,,,,,,,
ImageID_R0BYVWQY,,,,,,,,,
ImageID_YHN5UK8Q,,,,,,,,,
ImageID_NYN2WFKS,,,,,,,,,
ImageID_T23TP1GX,,,,,,,,,
ImageID_QLO3U9XV,,,,,,,,,
ImageID_PS4LJ7XL,,,,,,,,,
ImageID_77ZUGA7P,,,,,,,,,
ImageID_I0MVWI2J,,,,,,,,,
ImageID_TVN4EQYF,,,,,,,,,
ImageID_0ZT5V2J0,,,,,,,,,
ImageID_JBXX6W37,,,,,,,,,
ImageID_HS9MAV01,,,,,,,,,
ImageID_7RQXKBBX,,,,,,,,,
ImageID_CPTYSB26,,,,,,,,,
ImageID_D3H3GG6O,,,,,,,,,
ImageID_2EJ1FXFM,,,,,,,,,
ImageID_PSDP7BCV,,,,,,,,,
ImageID_29WE1OF5,,,,,,,,,
ImageID_MTTRYQ7P,,,,,,,,,
ImageID_1VIYP70G,,,,,,,,,
ImageID_YGL1Z7IZ,,,,,,,,,
ImageID_M61MYS15,,,,,,,,,
ImageID_FW0C5LJC,,,,,,,,,
ImageID_QNF3BN5G,,,,,,,,,
ImageID_CTF5RT4L,,,,,,,,,
ImageID_KWQJIFB2,,,,,,,,,
ImageID_8CM07R62,,,,,,,,,
ImageID_S9P12UQV,,,,,,,,,
ImageID_EAZOE4BO,,,,,,,,,
ImageID_ITZPJ9NX,,,,,,,,,
ImageID_IHVORKZ6,,,,,,,,,
ImageID_KF9ZF2W8,,,,,,,,,
ImageID_82Q80X5I,,,,,,,,,
ImageID_6WPWTWCY,,,,,,,,,
ImageID_O5GJQ1PK,,,,,,,,,
ImageID_8JSSM5KD,,,,,,,,,
ImageID_UIEGLMQR,,,,,,,,,
ImageID_ULHBNO95,,,,,,,,,
ImageID_YX0THXIP,,,,,,,,,
ImageID_6BYHNG36,,,,,,,,,
ImageID_LLOWZ7I3,,,,,,,,,
ImageID_T07JP2YH,,,,,,,,,
ImageID_CD9MRNBE,,,,,,,,,
ImageID_6PC3HLFG,,,,,,,,,
ImageID_C39YD587,,,,,,,,,
ImageID_RQMWXQYE,,,,,,,,,
ImageID_871L6KJM,,,,,,,,,
ImageID_XTY9IOGC,,,,,,,,,
ImageID_I3J9S63D,,,,,,,,,
ImageID_K4HOJ1T6,,,,,,,,,
ImageID_U10D9T5K,,,,,,,,,
ImageID_XDQ09KTK,,,,,,,,,
ImageID_K6UKQK2F,,,,,,,,,
ImageID_Q2SGDLKH,,,,,,,,,
ImageID_AIQA9NBN,,,,,,,,,
ImageID_9KZ8EXMM,,,,,,,,,
ImageID_0C36MGNK,,,,,,,,,
ImageID_6OJW3XY8,,,,,,,,,
ImageID_RK5YZDH9,,,,,,,,,
ImageID_HZJ6FN40,,,,,,,,,
ImageID_54ZOSVB9,,,,,,,,,
ImageID_GQXTC6IR,,,,,,,,,
ImageID_1DVTAWTJ,,,,,,,,,
ImageID_O7314LL1,,,,,,,,,
ImageID_H8PGUINZ,,,,,,,,,
ImageID_06L20GRZ,,,,,,,,,
ImageID_12F1MPO1,,,,,,,,,
ImageID_M880Q5YH,,,,,,,,,
ImageID_EWNCZEAK,,,,,,,,,
ImageID_4KPDBQPB,,,,,,,,,
ImageID_K9DK69GB,,,,,,,,,
ImageID_2PQ4AT24,,,,,,,,,
ImageID_4XVAJ1WB,,,,,,,,,
ImageID_URHTWM2W,,,,,,,,,
ImageID_28XVQKFX,,,,,,,,,
ImageID_AD5SOMS5,,,,,,,,,
ImageID_S93RXJ09,,,,,,,,,
ImageID_90F37U62,,,,,,,,,
ImageID_1ARHWJ5Z,,,,,,,,,
ImageID_T9UTTEAU,,,,,,,,,
ImageID_O0DFMHD5,,,,,,,,,
ImageID_N88K9ZQ6,,,,,,,,,
ImageID_UN9L5DSF,,,,,,,,,
ImageID_VC599EWV,,,,,,,,,
ImageID_HCL9QWIY,,,,,,,,,
ImageID_I3V2SXDS,,,,,,,,,
ImageID_BX2D6DVX,,,,,,,,,
ImageID_AJLZMEMN,,,,,,,,,
ImageID_JLCFZAPA,,,,,,,,,
ImageID_OOYHGJ76,,,,,,,,,
ImageID_JU6O8SWZ,,,,,,,,,
ImageID_Z8O9INQL,,,,,,,,,
ImageID_LURUNFPZ,,,,,,,,,
ImageID_SQBL52IY,,,,,,,,,
ImageID_5581UOR9,,,,,,,,,
ImageID_TGW9T644,,,,,,,,,
ImageID_C9I5SS0C,,,,,,,,,
ImageID_USE0FX99,,,,,,,,,
ImageID_7KX2O9TU,,,,,,,,,
ImageID_QIM197B8,,,,,,,,,
ImageID_VODN2L5L,,,,,,,,,
ImageID_7EDE9401,,,,,,,,,
ImageID_12PWSYIH,,,,,,,,,
ImageID_D8202UBV,,,,,,,,,
ImageID_MAT43OTO,,,,,,,,,
ImageID_67XO9VRD,,,,,,,,,
ImageID_NS5C9VSG,,,,,,,,,
ImageID_KJTPYC6I,,,,,,,,,
ImageID_NL1AKVK5,,,,,,,,,
ImageID_TY2J6ZVR,,,,,,,,,
ImageID_QZ0Y3QKS,,,,,,,,,
ImageID_0OOLTIV4,,,,,,,,,
ImageID_KIFYTZF0,,,,,,,,,
ImageID_97X43BJX,,,,,,,,,
ImageID_TKPQPNE7,,,,,,,,,
ImageID_ZXU4GYIL,,,,,,,,,
ImageID_T4AMGB5I,,,,,,,,,
ImageID_BSW2U5MP,,,,,,,,,
ImageID_57H88TC1,,,,,,,,,
ImageID_DMRV5UN9,,,,,,,,,
ImageID_CNWYAMIF,,,,,,,,,
ImageID_PMVIG4LH,,,,,,,,,
ImageID_L72IATCT,,,,,,,,,
ImageID_LY31VF1O,,,,,,,,,
ImageID_GT20VR6B,,,,,,,,,
ImageID_V83NY662,,,,,,,,,
ImageID_8RANZ5JC,,,,,,,,,
ImageID_WH8N5JTH,,,,,,,,,
ImageID_63BONMX0,,,,,,,,,
ImageID_NQSJVMYM,,,,,,,,,
ImageID_GVXCHBN6,,,,,,,,,
ImageID_MZHPZC1E,,,,,,,,,
ImageID_NUWDXQGK,,,,,,,,,
ImageID_REVN3QH8,,,,,,,,,
ImageID_AK5DA38N,,,,,,,,,
ImageID_B8ERM90J,,,,,,,,,
ImageID_GAW2KTBP,,,,,,,,,
ImageID_0L9IK1OO,,,,,,,,,
ImageID_FU0QXA0D,,,,,,,,,
ImageID_AO797B97,,,,,,,,,
ImageID_NLTVLA23,,,,,,,,,
ImageID_H6EBUZ5P,,,,,,,,,
ImageID_L7HICHEL,,,,,,,,,
ImageID_6IF5GC4A,,,,,,,,,
ImageID_GONTKC32,,,,,,,,,
ImageID_PVWRL01W,,,,,,,,,
ImageID_QR0YDGT8,,,,,,,,,
ImageID_FEOYJ61N,,,,,,,,,
ImageID_72PIAHR3,,,,,,,,,
ImageID_Q03XATWK,,,,,,,,,
ImageID_H8DP790B,,,,,,,,,
ImageID_A74PVB3M,,,,,,,,,
ImageID_DHZV5KBR,,,,,,,,,
ImageID_6KOXPEA1,,,,,,,,,
ImageID_9RD5T34V,,,,,,,,,
ImageID_COVOUOMF,,,,,,,,,
ImageID_CULAD79U,,,,,,,,,
ImageID_5P59SEUO,,,,,,,,,
ImageID_UO5HVLSO,,,,,,,,,
ImageID_4D5K8Q98,,,,,,,,,
ImageID_4M5V8K9V,,,,,,,,,
ImageID_BRR019TV,,,,,,,,,
ImageID_0O2PNUX6,,,,,,,,,
ImageID_LHLVDR4C,,,,,,,,,
ImageID_YI00IFO5,,,,,,,,,
ImageID_0DRD5B1R,,,,,,,,,
ImageID_3VFQW6GY,,,,,,,,,
ImageID_BNNFZRAD,,,,,,,,,
ImageID_U4HU9GC2,,,,,,,,,
ImageID_ZK660NHO,,,,,,,,,
ImageID_S82FX49H,,,,,,,,,
ImageID_GS8S9QK1,,,,,,,,,
ImageID_JJM4B3LN,,,,,,,,,
ImageID_W5HYN74M,,,,,,,,,
ImageID_L7YQ5RDV,,,,,,,,,
ImageID_P5FIPEFR,,,,,,,,,
ImageID_6YQY4LDK,,,,,,,,,
ImageID_199JVKQE,,,,,,,,,
ImageID_0HZ7N9BY,,,,,,,,,
ImageID_1JFMU4HQ,,,,,,,,,
ImageID_B5NKT10S,,,,,,,,,
ImageID_QHYLJQ84,,,,,,,,,
ImageID_MNCZQR7P,,,,,,,,,
ImageID_TTNTJJ6L,,,,,,,,,
ImageID_QHK44U5P,,,,,,,,,
ImageID_47EUU8MU,,,,,,,,,
ImageID_RNXCEUW0,,,,,,,,,
ImageID_77O4Z0M7,,,,,,,,,
ImageID_2E9GACAG,,,,,,,,,
ImageID_83MUXE0A,,,,,,,,,
ImageID_2L71RG7Q,,,,,,,,,
ImageID_BIFRXH9S,,,,,,,,,
ImageID_EATE5QTF,,,,,,,,,
ImageID_YQJ93X91,,,,,,,,,
ImageID_1IY0LHS5,,,,,,,,,
ImageID_1RD5AY4K,,,,,,,,,
ImageID_ARJ0ML56,,,,,,,,,
ImageID_B628MAPV,,,,,,,,,
ImageID_91834ZHB,,,,,,,,,
ImageID_WL2FXQZ9,,,,,,,,,
ImageID_3AE61KG9,,,,,,,,,
ImageID_3ODLD2YT,,,,,,,,,
ImageID_282T2EJ2,,,,,,,,,
ImageID_HL2TJOAW,,,,,,,,,
ImageID_ZS6OQCN3,,,,,,,,,
ImageID_OZ911FZB,,,,,,,,,
ImageID_0J6115A3,,,,,,,,,
ImageID_SVC6BACR,,,,,,,,,
ImageID_SVDAK20S,,,,,,,,,
ImageID_8W8AE7CF,,,,,,,,,
ImageID_2OWPAYWP,,,,,,,,,
ImageID_YKNJLZ6X,,,,,,,,,
ImageID_0L3Q0WN2,,,,,,,,,
ImageID_RPCH5J2V,,,,,,,,,
ImageID_LWKFGLY7,,,,,,,,,
ImageID_GOF744IX,,,,,,,,,
ImageID_YGEWFL8C,,,,,,,,,
ImageID_VPX8OX42,,,,,,,,,
ImageID_TRZJ7N7C,,,,,,,,,
ImageID_ABFEKP1V,,,,,,,,,
ImageID_ITYFH11E,,,,,,,,,
ImageID_YNQL2ZQX,,,,,,,,,
ImageID_96X2GMG6,,,,,,,,,
ImageID_84JCU0FK,,,,,,,,,
ImageID_DWUF1YX4,,,,,,,,,
ImageID_RJ1HVQG2,,,,,,,,,
ImageID_HWGHJNWA,,,,,,,,,
ImageID_8Y1RS4Q1,,,,,,,,,
ImageID_NSJIUF2Z,,,,,,,,,
ImageID_DA5SHM7C,,,,,,,,,
ImageID_EV6JH42Y,,,,,,,,,
ImageID_TFUG1BDP,,,,,,,,,
ImageID_NXJ0RBWV,,,,,,,,,
ImageID_X9W1S93W,,,,,,,,,
ImageID_54OR6MUK,,,,,,,,,
ImageID_48V8LBDB,,,,,,,,,
ImageID_0H2CR2A2,,,,,,,,,
ImageID_5T0ESDDR,,,,,,,,,
ImageID_M3O8SB4X,,,,,,,,,
ImageID_PJSYSGAH,,,,,,,,,
ImageID_WESTOBVV,,,,,,,,,
ImageID_S87ORO75,,,,,,,,,
ImageID_D49XVRQH,,,,,,,,,
ImageID_2B4WWZ90,,,,,,,,,
ImageID_XTHPP8PK,,,,,,,,,
ImageID_THNY1KIK,,,,,,,,,
ImageID_A7V2KHX7,,,,,,,,,
ImageID_GXP59OJ5,,,,,,,,,
ImageID_M8OPS6D7,,,,,,,,,
ImageID_472KIAGK,,,,,,,,,
ImageID_G458X2CR,,,,,,,,,
ImageID_9TDQGX46,,,,,,,,,
ImageID_YEGLXN8P,,,,,,,,,
ImageID_9QJGAVTA,,,,,,,,,
ImageID_RAXAKLZF,,,,,,,,,
ImageID_S44ZRJLM,,,,,,,,,
ImageID_1BP2WH80,,,,,,,,,
ImageID_4KM6LKNV,,,,,,,,,
ImageID_XNTOM12G,,,,,,,,,
ImageID_G0WAIVFW,,,,,,,,,
ImageID_NXM2RHT0,,,,,,,,,
ImageID_TTRTCPPX,,,,,,,,,
ImageID_JT4TIXHP,,,,,,,,,
ImageID_RVP4D4AM,,,,,,,,,
ImageID_LZDSBR80,,,,,,,,,
ImageID_7BLIFLCD,,,,,,,,,
ImageID_HJKMGS9R,,,,,,,,,
ImageID_62YT3KAA,,,,,,,,,
ImageID_QOW0FJTM,,,,,,,,,
ImageID_600M07N3,,,,,,,,,
ImageID_SLPZ0OA0,,,,,,,,,
ImageID_O35QQHNC,,,,,,,,,
ImageID_FR0G3KWF,,,,,,,,,
ImageID_7G1ZLBQN,,,,,,,,,
ImageID_L1WOF7DO,,,,,,,,,
ImageID_81Q6LOC7,,,,,,,,,
ImageID_G5EYNBON,,,,,,,,,
ImageID_P4UEKH95,,,,,,,,,
ImageID_WVR2Z4BF,,,,,,,,,
ImageID_MXINSH8T,,,,,,,,,
ImageID_P03A69HT,,,,,,,,,
ImageID_2JXITVOW,,,,,,,,,
ImageID_MXT7NWFQ,,,,,,,,,
ImageID_3RS17L1S,,,,,,,,,
ImageID_VHTVT0AR,,,,,,,,,
ImageID_SLGN7SAI,,,,,,,,,
ImageID_19WN2WG2,,,,,,,,,
ImageID_0VG1XEKQ,,,,,,,,,
ImageID_K10LT6DV,,,,,,,,,
ImageID_E66SMGIK,,,,,,,,,
ImageID_CJ2XAOQI,,,,,,,,,
ImageID_AZHEGHC3,,,,,,,,,
ImageID_XVDB8HKY,,,,,,,,,
ImageID_KMPEK4DP,,,,,,,,,
ImageID_CZ19T7QU,,,,,,,,,
ImageID_J693S878,,,,,,,,,
ImageID_N3Y4BBI5,,,,,,,,,
ImageID_G1KAPRSY,,,,,,,,,
ImageID_DYCO767I,,,,,,,,,
ImageID_A8Z7XU0J,,,,,,,,,
ImageID_J3V5DE2N,,,,,,,,,
ImageID_67GCGD2Z,,,,,,,,,
ImageID_Y81ZHPSM,,,,,,,,,
ImageID_73JUNKWA,,,,,,,,,
ImageID_0JPNA426,,,,,,,,,
ImageID_UCW2NECK,,,,,,,,,
ImageID_T9RG9U1Y,,,,,,,,,
ImageID_8D917HDB,,,,,,,,,
ImageID_ZE5QEKBJ,,,,,,,,,
ImageID_28AMEN5X,,,,,,,,,
ImageID_N4BYC4FL,,,,,,,,,
ImageID_J974CD0M,,,,,,,,,
ImageID_P6FWE6Q8,,,,,,,,,
ImageID_YL95DUOW,,,,,,,,,
ImageID_9VOCBA9B,,,,,,,,,
ImageID_2W5WJC3K,,,,,,,,,
ImageID_1J36SMCO,,,,,,,,,
ImageID_DFLSKAFF,,,,,,,,,
ImageID_YDLEI5V4,,,,,,,,,
ImageID_LEZWGDUC,,,,,,,,,
ImageID_CTTEQZHZ,,,,,,,,,
ImageID_C4DPN03O,,,,,,,,,
ImageID_QPRA71UU,,,,,,,,,
ImageID_D63PJORV,,,,,,,,,
ImageID_5LFJSKD1,,,,,,,,,
ImageID_TTGKVFIM,,,,,,,,,
ImageID_QQ3QAY9Y,,,,,,,,,
ImageID_ZPEMIO3R,,,,,,,,,
ImageID_1NPWBSL4,,,,,,,,,
ImageID_ADWV0H09,,,,,,,,,
ImageID_R1O8V8LG,,,,,,,,,
ImageID_QKIXYNDP,,,,,,,,,
ImageID_E0AORIUN,,,,,,,,,
ImageID_AQ1CK9L0,,,,,,,,,
ImageID_OC8FAI9K,,,,,,,,,
ImageID_VKYCB6N5,,,,,,,,,
ImageID_ZAPW8GLI,,,,,,,,,
ImageID_ZQ7IHLKU,,,,,,,,,
ImageID_21FKG9W7,,,,,,,,,
ImageID_YJECOZAB,,,,,,,,,
ImageID_P8SP49SY,,,,,,,,,
ImageID_CZ6SYBA2,,,,,,,,,
ImageID_RWRL8AK5,,,,,,,,,
ImageID_5XM27M0M,,,,,,,,,
ImageID_JTOUUWQ5,,,,,,,,,
ImageID_19PQL5XS,,,,,,,,,
ImageID_XMUDS74C,,,,,,,,,
ImageID_925U18LT,,,,,,,,,
ImageID_MRR3LOF2,,,,,,,,,
ImageID_99Y4Q95F,,,,,,,,,
ImageID_BJSGAF5J,,,,,,,,,
ImageID_1PFRO95D,,,,,,,,,
ImageID_GS8T8WUJ,,,,,,,,,
ImageID_NVH9STMV,,,,,,,,,
ImageID_DO09MPTN,,,,,,,,,
ImageID_IV5VD1EB,,,,,,,,,
ImageID_E4MU7JB8,,,,,,,,,
ImageID_K5AZ39NA,,,,,,,,,
ImageID_KEW5M20Z,,,,,,,,,
ImageID_IL6ZN912,,,,,,,,,
ImageID_15EQ19U5,,,,,,,,,
ImageID_2JDTOQB9,,,,,,,,,
ImageID_DADS7DD2,,,,,,,,,
ImageID_D92M2PLV,,,,,,,,,
ImageID_CHW8QKBG,,,,,,,,,
ImageID_HQUX9VCH,,,,,,,,,
ImageID_8UINGAU1,,,,,,,,,
ImageID_KJVOILWO,,,,,,,,,
ImageID_8W0W4DB7,,,,,,,,,
ImageID_MYMNYCC6,,,,,,,,,
ImageID_BKWE38AK,,,,,,,,,
ImageID_FWSXEGZH,,,,,,,,,
ImageID_TKSIREJC,,,,,,,,,
ImageID_J2PTSTT8,,,,,,,,,
ImageID_9BSB6EJO,,,,,,,,,
ImageID_QNKTVPD8,,,,,,,,,
ImageID_W2G8XR5P,,,,,,,,,
ImageID_LTZLQ18Q,,,,,,,,,
ImageID_A6J2DAEM,,,,,,,,,
ImageID_M8U5EMJA,,,,,,,,,
ImageID_JLY37KI5,,,,,,,,,
ImageID_8512BFMO,,,,,,,,,
ImageID_GVUB3DAG,,,,,,,,,
ImageID_8PJ12RR9,,,,,,,,,
ImageID_D1S2WYTX,,,,,,,,,
ImageID_E3MTSMOM,,,,,,,,,
ImageID_P867FQR9,,,,,,,,,
ImageID_51BI258P,,,,,,,,,
ImageID_BOUCH6NW,,,,,,,,,
ImageID_MDK2NFSJ,,,,,,,,,
ImageID_5QYL1DI7,,,,,,,,,
ImageID_1ROKDE0D,,,,,,,,,
ImageID_DD6Q2XF2,,,,,,,,,
ImageID_JUIRTDHB,,,,,,,,,
ImageID_GVSISMH7,,,,,,,,,
ImageID_UNILS9F1,,,,,,,,,
ImageID_OPWDY6LJ,,,,,,,,,
ImageID_1OJ5ODXT,,,,,,,,,
ImageID_YDVDSL5O,,,,,,,,,
ImageID_SARDZQ8L,,,,,,,,,
ImageID_TXHY1OFX,,,,,,,,,
ImageID_TAFNHSLO,,,,,,,,,
ImageID_76X9UHE3,,,,,,,,,
ImageID_KUI0KHF1,,,,,,,,,
ImageID_EYZL9V0K,,,,,,,,,
ImageID_ZR20KUPK,,,,,,,,,
ImageID_VI2EZ4V1,,,,,,,,,
ImageID_KWUM6L6K,,,,,,,,,
ImageID_EPI6C6J8,,,,,,,,,
ImageID_RXC7WKJH,,,,,,,,,
ImageID_GGYV6HYN,,,,,,,,,
ImageID_Z3RUBYAW,,,,,,,,,
ImageID_J1DDNIJV,,,,,,,,,
ImageID_NKZ5F2C2,,,,,,,,,
ImageID_F8BARYL3,,,,,,,,,
ImageID_1Z97MF5S,,,,,,,,,
ImageID_UESI60XH,,,,,,,,,
ImageID_PXQ6IZHL,,,,,,,,,
ImageID_SIWC986L,,,,,,,,,
ImageID_DAJWJY36,,,,,,,,,
ImageID_OEL47U29,,,,,,,,,
ImageID_N454EJ7Y,,,,,,,,,
ImageID_PEEN559O,,,,,,,,,
ImageID_HU5RR99U,,,,,,,,,
ImageID_C62EZG3T,,,,,,,,,
ImageID_OOGUIAXE,,,,,,,,,
ImageID_N1OS78BR,,,,,,,,,
ImageID_GVFG0XQJ,,,,,,,,,
ImageID_GXD9HJ9S,,,,,,,,,
ImageID_WWICPI63,,,,,,,,,
ImageID_MQMB3KHT,,,,,,,,,
ImageID_C6Z976GU,,,,,,,,,
ImageID_N1I2EMWM,,,,,,,,,
ImageID_469XF5QL,,,,,,,,,
ImageID_Q6ZJ9EU4,,,,,,,,,
ImageID_ENNWSVCN,,,,,,,,,
ImageID_ZV9W0OU8,,,,,,,,,
ImageID_NXRHBJFG,,,,,,,,,
ImageID_99QT3YSI,,,,,,,,,
ImageID_M79OACN8,,,,,,,,,
ImageID_3MT1XV4V,,,,,,,,,
ImageID_HA9S04M3,,,,,,,,,
ImageID_KBTOPKY0,,,,,,,,,
ImageID_AH7YL9EO,,,,,,,,,
ImageID_NT97BU59,,,,,,,,,
ImageID_D43J1RUM,,,,,,,,,
ImageID_SG9SJU2F,,,,,,,,,
ImageID_D3ZCHK06,,,,,,,,,
ImageID_00AVE728,,,,,,,,,
ImageID_PVI0SI0E,,,,,,,,,
ImageID_JS9SYOZS,,,,,,,,,
ImageID_4VREE4IR,,,,,,,,,
ImageID_G3NUZV5C,,,,,,,,,
ImageID_6HNYP8KY,,,,,,,,,
ImageID_FUNGCH32,,,,,,,,,
ImageID_PV9G38Q4,,,,,,,,,
ImageID_248I793N,,,,,,,,,
ImageID_RIIBWPL2,,,,,,,,,
ImageID_H7V4TLNJ,,,,,,,,,
ImageID_9EUN1RF0,,,,,,,,,
ImageID_MLFDEV9H,,,,,,,,,
ImageID_DME5RIDO,,,,,,,,,
ImageID_PDV7MCO4,,,,,,,,,
ImageID_AW5LNQXU,,,,,,,,,
ImageID_7IYU1HW5,,,,,,,,,
ImageID_1LE39KE2,,,,,,,,,
ImageID_LEP4VJC2,,,,,,,,,
ImageID_QRJZ7N47,,,,,,,,,
ImageID_ISWUOZVO,,,,,,,,,
ImageID_W9YAORQQ,,,,,,,,,
ImageID_J6PHIRL7,,,,,,,,,
ImageID_P1MSTZ6I,,,,,,,,,
ImageID_HQ9TFJKM,,,,,,,,,
ImageID_W9Z6FNO5,,,,,,,,,
ImageID_WKKE8YKS,,,,,,,,,
ImageID_8ATNIWF3,,,,,,,,,
ImageID_ROON2T78,,,,,,,,,
ImageID_G8G2URZ4,,,,,,,,,
ImageID_9J8GQJEG,,,,,,,,,
ImageID_4Q6ORD0O,,,,,,,,,
ImageID_7NWMBA5L,,,,,,,,,
ImageID_OP1WOL2G,,,,,,,,,
ImageID_NE7C3ZTM,,,,,,,,,
ImageID_JIOI8125,,,,,,,,,
ImageID_S0FZNE39,,,,,,,,,
ImageID_VDFLWNX3,,,,,,,,,
ImageID_S2KLARGP,,,,,,,,,
ImageID_YWORJX21,,,,,,,,,
ImageID_0QQ5AQW9,,,,,,,,,
ImageID_KFTK1T9F,,,,,,,,,
ImageID_7QCN1PFN,,,,,,,,,
ImageID_4WL6WL9R,,,,,,,,,
ImageID_7O5G9EV6,,,,,,,,,
ImageID_GGKD5FZ6,,,,,,,,,
ImageID_RV8U9ZLC,,,,,,,,,
ImageID_E8CPKUHC,,,,,,,,,
ImageID_O5B3P7AS,,,,,,,,,
ImageID_3C3XDJ16,,,,,,,,,
ImageID_TPRMMGDU,,,,,,,,,
ImageID_PH4DBZ6F,,,,,,,,,
ImageID_HULWBJVR,,,,,,,,,
ImageID_D8EHOK5U,,,,,,,,,
ImageID_U8N9MQTZ,,,,,,,,,
ImageID_9EU0YJLI,,,,,,,,,
ImageID_OQGT3BAU,,,,,,,,,
ImageID_KG8TKP59,,,,,,,,,
ImageID_LK6H757D,,,,,,,,,
ImageID_FVD4Z4Z5,,,,,,,,,
ImageID_388CT8S0,,,,,,,,,
ImageID_EZO84ADF,,,,,,,,,
ImageID_XNANMXV1,,,,,,,,,
ImageID_Q8J4AZH1,,,,,,,,,
ImageID_MYV9EHZ3,,,,,,,,,
ImageID_I249LWWC,,,,,,,,,
ImageID_F1REM293,,,,,,,,,
ImageID_4AWGGR4Z,,,,,,,,,
ImageID_DQG7C8E7,,,,,,,,,
ImageID_KMI04N4I,,,,,,,,,
ImageID_EFKQPI3Z,,,,,,,,,
ImageID_SVX595ZZ,,,,,,,,,
ImageID_1KR54BLJ,,,,,,,,,
ImageID_WRIV4465,,,,,,,,,
ImageID_G5XCWZYK,,,,,,,,,
ImageID_Q05AAVBR,,,,,,,,,
ImageID_65BRB145,,,,,,,,,
ImageID_QFAKFLJT,,,,,,,,,
ImageID_E6ATL4LK,,,,,,,,,
ImageID_QSMXQYLH,,,,,,,,,
ImageID_AFAGG7HE,,,,,,,,,
ImageID_6WTB8WUO,,,,,,,,,
ImageID_ULUTDRNN,,,,,,,,,
ImageID_QE2L176L,,,,,,,,,
ImageID_JV1A9508,,,,,,,,,
ImageID_8INZPDWU,,,,,,,,,
ImageID_5BUD5S5M,,,,,,,,,
ImageID_8V1H4Q3S,,,,,,,,,
ImageID_QYH4740D,,,,,,,,,
ImageID_34P6GFGK,,,,,,,,,
ImageID_EYBAO03X,,,,,,,,,
ImageID_0OM8ZTEY,,,,,,,,,
ImageID_GS7TRMTM,,,,,,,,,
ImageID_L74WNQ8R,,,,,,,,,
ImageID_6A32HKKK,,,,,,,,,
ImageID_DL0FMFEE,,,,,,,,,
ImageID_J7XVU89T,,,,,,,,,
ImageID_00HEGX6X,,,,,,,,,
ImageID_P39XY9BD,,,,,,,,,
ImageID_UY74ZJ4S,,,,,,,,,
ImageID_DOGSGDIR,,,,,,,,,
ImageID_ARBCNNIL,,,,,,,,,
ImageID_L1PVG3TW,,,,,,,,,
ImageID_FPJ2DBFV,,,,,,,,,
ImageID_5HT3BLYE,,,,,,,,,
ImageID_M41HDS0F,,,,,,,,,
ImageID_CWZ9NEN2,,,,,,,,,
ImageID_PBQDWHZO,,,,,,,,,
ImageID_H5KHUC7A,,,,,,,,,
ImageID_UL2DVQCP,,,,,,,,,
ImageID_GQA6FN7L,,,,,,,,,
ImageID_0VY2YIGA,,,,,,,,,
ImageID_LOM73WA7,,,,,,,,,
ImageID_WKVUZ7A3,,,,,,,,,
ImageID_LKVYKF7A,,,,,,,,,
ImageID_I8V6C9ZL,,,,,,,,,
ImageID_P5TSGSEQ,,,,,,,,,
ImageID_RXE273E0,,,,,,,,,
ImageID_OYW9WXH6,,,,,,,,,
ImageID_HUKPACAL,,,,,,,,,
ImageID_53WENHPW,,,,,,,,,
ImageID_ZKAORNH2,,,,,,,,,
ImageID_CQMUH8O5,,,,,,,,,
ImageID_YXEWW1X0,,,,,,,,,
ImageID_LMBKJ1QE,,,,,,,,,
ImageID_IRNOS3BY,,,,,,,,,
ImageID_MBIL0B2L,,,,,,,,,
ImageID_08AFZKJU,,,,,,,,,
ImageID_04OQ0X9I,,,,,,,,,
ImageID_WQOXN4TY,,,,,,,,,
ImageID_PIH7C0CK,,,,,,,,,
ImageID_4074R4EV,,,,,,,,,
ImageID_VHKM90YG,,,,,,,,,
ImageID_MW3XSOBP,,,,,,,,,
ImageID_5XVAS4GB,,,,,,,,,
ImageID_GNILD6WD,,,,,,,,,
ImageID_BU8HJVGI,,,,,,,,,
ImageID_YQ5R7351,,,,,,,,,
ImageID_CCXETV21,,,,,,,,,
ImageID_OHEGFQJH,,,,,,,,,
ImageID_TDUWUNDW,,,,,,,,,
ImageID_EVK09Q87,,,,,,,,,
ImageID_ZQGPRG6F,,,,,,,,,
ImageID_CVVOP1Y1,,,,,,,,,
ImageID_L8JPONVI,,,,,,,,,
ImageID_DY94KC7Z,,,,,,,,,
ImageID_E5BVRWJK,,,,,,,,,
ImageID_JCCA30SR,,,,,,,,,
ImageID_WYR1G6G7,,,,,,,,,
ImageID_T5RC6UKU,,,,,,,,,
ImageID_PCYY46MU,,,,,,,,,
ImageID_6VDSG5OZ,,,,,,,,,
ImageID_27EIBPVR,,,,,,,,,
ImageID_LHGRTUNG,,,,,,,,,
ImageID_55FJ6G46,,,,,,,,,
ImageID_0SY70J7Z,,,,,,,,,
ImageID_47IM6JP7,,,,,,,,,
ImageID_QXP2UVFZ,,,,,,,,,
ImageID_7ZGUHUCU,,,,,,,,,
ImageID_7JY7BCIC,,,,,,,,,
ImageID_1YASM5YL,,,,,,,,,
ImageID_ATUR6CF4,,,,,,,,,
ImageID_MOK4CMAI,,,,,,,,,
ImageID_7PUWSUX0,,,,,,,,,
ImageID_3BH5YC9H,,,,,,,,,
ImageID_FJKO33YR,,,,,,,,,
ImageID_OZ9MEHE3,,,,,,,,,
ImageID_Z5LDM6KM,,,,,,,,,
ImageID_8RTJA48X,,,,,,,,,
ImageID_5O9GQAZX,,,,,,,,,
ImageID_AX0RMYQO,,,,,,,,,
ImageID_TNWZV8I3,,,,,,,,,
ImageID_3OQ5CJCJ,,,,,,,,,
ImageID_7J8GGV09,,,,,,,,,
ImageID_FOBIVDMP,,,,,,,,,
ImageID_D2I9LUV5,,,,,,,,,
ImageID_W41FYG6X,,,,,,,,,
ImageID_UZBFHJ0M,,,,,,,,,
ImageID_SUJFQW00,,,,,,,,,
ImageID_VWSRTLFK,,,,,,,,,
ImageID_GZS7S55A,,,,,,,,,
ImageID_D5SS59E5,,,,,,,,,
ImageID_5PEOG11C,,,,,,,,,
ImageID_TRSA38YC,,,,,,,,,
ImageID_ZTIUCCVI,,,,,,,,,
ImageID_MSX34W4P,,,,,,,,,
ImageID_AZEANEPG,,,,,,,,,
ImageID_5NYGYECY,,,,,,,,,
ImageID_DT13934L,,,,,,,,,
ImageID_ZUR6IZL9,,,,,,,,,
ImageID_JUGA2R6Y,,,,,,,,,
ImageID_SPOC9W6T,,,,,,,,,
ImageID_ZTVHNBYD,,,,,,,,,
ImageID_RO3OP23H,,,,,,,,,
ImageID_9NK0MAL9,,,,,,,,,
ImageID_B43EO5FG,,,,,,,,,
ImageID_0KP2SC7E,,,,,,,,,
ImageID_YC759BDV,,,,,,,,,
ImageID_R258RR24,,,,,,,,,
ImageID_LEYM9GDU,,,,,,,,,
ImageID_KODRSHOZ,,,,,,,,,
ImageID_VXIEJ4K9,,,,,,,,,
ImageID_13VFEQ9H,,,,,,,,,
ImageID_KS063O04,,,,,,,,,
ImageID_DDMU89R3,,,,,,,,,
ImageID_7NSOIZYS,,,,,,,,,
ImageID_P5ODML2G,,,,,,,,,
ImageID_FFNAS79A,,,,,,,,,
ImageID_K7JKBV3V,,,,,,,,,
ImageID_TGCS00Z3,,,,,,,,,
ImageID_VD95LS39,,,,,,,,,
ImageID_RHO4U7UL,,,,,,,,,
ImageID_RP9EIQYB,,,,,,,,,
ImageID_HPG6MOLT,,,,,,,,,
ImageID_NHKHE28D,,,,,,,,,
ImageID_JP7FSUIY,,,,,,,,,
ImageID_PQNNFM82,,,,,,,,,
ImageID_4RIYYLWO,,,,,,,,,
ImageID_X74S8R0T,,,,,,,,,
ImageID_DKIPTFT5,,,,,,,,,
ImageID_O9VJV9CJ,,,,,,,,,
ImageID_S23ORXIG,,,,,,,,,
ImageID_VJ4VB8P3,,,,,,,,,
ImageID_RFWYER6B,,,,,,,,,
ImageID_O4L8808B,,,,,,,,,
ImageID_7OY3DE5L,,,,,,,,,
ImageID_V4OQEMOI,,,,,,,,,
ImageID_RZOJXL38,,,,,,,,,
ImageID_N02C9T0N,,,,,,,,,
ImageID_TH26UIFP,,,,,,,,,
ImageID_CXVQKSGC,,,,,,,,,
ImageID_36OGBGM3,,,,,,,,,
ImageID_ESTZRWH6,,,,,,,,,
ImageID_KGAOUSP6,,,,,,,,,
ImageID_ZEKDGLRA,,,,,,,,,
ImageID_EYM29TFJ,,,,,,,,,
ImageID_Q2T21QKY,,,,,,,,,
ImageID_KGCZIN5H,,,,,,,,,
ImageID_GOGTF0HF,,,,,,,,,
ImageID_AGEK4QIZ,,,,,,,,,
ImageID_D7RWC993,,,,,,,,,
ImageID_DTRKI76O,,,,,,,,,
ImageID_K4746JUP,,,,,,,,,
ImageID_DG2RGNYH,,,,,,,,,
ImageID_52LPIS5A,,,,,,,,,
ImageID_SKPMBQ3E,,,,,,,,,
ImageID_SD1DH1SO,,,,,,,,,
ImageID_DQA3YQW7,,,,,,,,,
ImageID_TXZOCY9R,,,,,,,,,
ImageID_5URAQJ79,,,,,,,,,
ImageID_3CMR5TK6,,,,,,,,,
ImageID_TOB4VZGK,,,,,,,,,
ImageID_JY83I2VN,,,,,,,,,
ImageID_84K756DA,,,,,,,,,
ImageID_E0YEAM7L,,,,,,,,,
ImageID_WD7AJNJ6,,,,,,,,,
ImageID_UNH6UBVA,,,,,,,,,
ImageID_7R47K1LA,,,,,,,,,
ImageID_RRH30NS3,,,,,,,,,
ImageID_V5BFSTV5,,,,,,,,,
ImageID_DY595BXV,,,,,,,,,
ImageID_DFEER6X7,,,,,,,,,
ImageID_23TLSBQ4,,,,,,,,,
ImageID_0G6EVY59,,,,,,,,,
ImageID_RZZPTZYK,,,,,,,,,
ImageID_IELJ8XWZ,,,,,,,,,
ImageID_KWFIZ2MD,,,,,,,,,
ImageID_VUDZ2YPG,,,,,,,,,
ImageID_VR769ZS1,,,,,,,,,
ImageID_7GO3TMQH,,,,,,,,,
ImageID_6WQL61RB,,,,,,,,,
ImageID_CM5FFHIE,,,,,,,,,
ImageID_QOIGSTHD,,,,,,,,,
ImageID_383NZUMP,,,,,,,,,
ImageID_76S32JQU,,,,,,,,,
ImageID_VOQQDIRD,,,,,,,,,
ImageID_1ZBU72ID,,,,,,,,,
ImageID_L13P0PGX,,,,,,,,,
ImageID_SS51K6LA,,,,,,,,,
ImageID_QZ1YBXGW,,,,,,,,,
ImageID_TVHQOKYM,,,,,,,,,
ImageID_2JRCSZUW,,,,,,,,,
ImageID_HND0WWOW,,,,,,,,,
ImageID_26ZL0N7C,,,,,,,,,
ImageID_VK9VPVD6,,,,,,,,,
ImageID_DLJFLVRY,,,,,,,,,
ImageID_SSXRS512,,,,,,,,,
ImageID_W4KML0PM,,,,,,,,,
ImageID_UVRVU7ZY,,,,,,,,,
ImageID_QXXLC1J3,,,,,,,,,
ImageID_AWJTXNDB,,,,,,,,,
ImageID_RX9380D8,,,,,,,,,
ImageID_COQUP8PW,,,,,,,,,
ImageID_PTO5V7TM,,,,,,,,,
ImageID_CXE3EVFU,,,,,,,,,
ImageID_2F1C4HFG,,,,,,,,,
ImageID_TZHZOS8M,,,,,,,,,
ImageID_WN2E6H60,,,,,,,,,
ImageID_IHP9PYNW,,,,,,,,,
ImageID_CR6OCXKC,,,,,,,,,
ImageID_9MYO0M2J,,,,,,,,,
ImageID_8GDONS84,,,,,,,,,
ImageID_BKFI9AE6,,,,,,,,,
ImageID_UYBT658Z,,,,,,,,,
ImageID_DZ9A3XV4,,,,,,,,,
ImageID_4K36AQEU,,,,,,,,,
ImageID_W6FS5JQW,,,,,,,,,
ImageID_V4YHISGK,,,,,,,,,
ImageID_LY4GNJH6,,,,,,,,,
ImageID_U061GQGC,,,,,,,,,
ImageID_4Y9RWTBR,,,,,,,,,
ImageID_5IZHGE29,,,,,,,,,
ImageID_4YFMPOUM,,,,,,,,,
ImageID_31W2B9TH,,,,,,,,,
ImageID_TQQWN74F,,,,,,,,,
ImageID_GOE3GSZD,,,,,,,,,
ImageID_BD7IHTA0,,,,,,,,,
ImageID_8DR2D07K,,,,,,,,,
ImageID_49UO6EJA,,,,,,,,,
ImageID_TUXZLPVD,,,,,,,,,
ImageID_O60KR91P,,,,,,,,,
ImageID_09VM9DOJ,,,,,,,,,
ImageID_PHEDKKRX,,,,,,,,,
ImageID_EUW3ZVRD,,,,,,,,,
ImageID_STUTXW3R,,,,,,,,,
ImageID_GTP14NX5,,,,,,,,,
ImageID_VDMT9QM9,,,,,,,,,
ImageID_W8CKS0UJ,,,,,,,,,
ImageID_RYYRE5DP,,,,,,,,,
ImageID_O98DUDXH,,,,,,,,,
ImageID_HHJHLH4D,,,,,,,,,
ImageID_IOVDB56Z,,,,,,,,,
ImageID_2NDOHAIJ,,,,,,,,,
ImageID_Z406RKJZ,,,,,,,,,
ImageID_0V3K6A6E,,,,,,,,,
ImageID_JC018QNQ,,,,,,,,,
ImageID_32B7M6AK,,,,,,,,,
ImageID_3I5AGMIK,,,,,,,,,
ImageID_8AFU2GNA,,,,,,,,,
ImageID_KGXR8K8I,,,,,,,,,
ImageID_A374E709,,,,,,,,,
ImageID_7QFZZDDW,,,,,,,,,
ImageID_CIX6UVEI,,,,,,,,,
ImageID_9PHB4UL8,,,,,,,,,
ImageID_2RAOB7UC,,,,,,,,,
ImageID_JHASZ1M2,,,,,,,,,
ImageID_79174L72,,,,,,,,,
ImageID_MLZLIJ0I,,,,,,,,,
ImageID_GX6GKW03,,,,,,,,,
ImageID_YJHW2NL1,,,,,,,,,
ImageID_LNP0FISU,,,,,,,,,
ImageID_UCN9UO10,,,,,,,,,
ImageID_TBPAJSF8,,,,,,,,,
ImageID_G4QL416B,,,,,,,,,
ImageID_F3KUZU5O,,,,,,,,,
ImageID_FPISLL9S,,,,,,,,,
ImageID_YQXURSJL,,,,,,,,,
ImageID_5DKIHCLH,,,,,,,,,
ImageID_GQ43165F,,,,,,,,,
ImageID_TFPCTHRP,,,,,,,,,
ImageID_M7QMQYU9,,,,,,,,,
ImageID_9P4ULS0W,,,,,,,,,
ImageID_2MYXHGNK,,,,,,,,,
ImageID_AO01NEEQ,,,,,,,,,
ImageID_WYRT2EO7,,,,,,,,,
ImageID_BXDQSZ80,,,,,,,,,
ImageID_RV08TIOV,,,,,,,,,
ImageID_FC1O841S,,,,,,,,,
ImageID_46C7OX5I,,,,,,,,,
ImageID_KY3N0KQ8,,,,,,,,,
ImageID_NSA9HNW8,,,,,,,,,
ImageID_WDFRBVGN,,,,,,,,,
ImageID_NK207AKX,,,,,,,,,
ImageID_GKNOKALH,,,,,,,,,
ImageID_DC3VH6UR,,,,,,,,,
ImageID_SE7EPZ4F,,,,,,,,,
ImageID_OZFV75EQ,,,,,,,,,
ImageID_GJCWHSIA,,,,,,,,,
ImageID_TC7FM8FD,,,,,,,,,
ImageID_FNEKUX3P,,,,,,,,,
ImageID_EGO9Y56W,,,,,,,,,
ImageID_YAHSKHW1,,,,,,,,,
ImageID_XPSQ703O,,,,,,,,,
ImageID_4FIZPEWN,,,,,,,,,
ImageID_KBKDNM3Y,,,,,,,,,
ImageID_NEGKATS9,,,,,,,,,
ImageID_YTY4CCX6,,,,,,,,,
ImageID_K31JHKK9,,,,,,,,,
ImageID_HORHVEVE,,,,,,,,,
ImageID_S7K4RAD7,,,,,,,,,
ImageID_M0ALOD2B,,,,,,,,,
ImageID_WLK0Y7JC,,,,,,,,,
ImageID_UZZY185D,,,,,,,,,
ImageID_WJQ80OFF,,,,,,,,,
ImageID_LKI4OFDB,,,,,,,,,
ImageID_1172APSE,,,,,,,,,
ImageID_CG51R6RD,,,,,,,,,
ImageID_JFQDEB3H,,,,,,,,,
ImageID_QI2YVE69,,,,,,,,,
ImageID_TWKMZVRQ,,,,,,,,,
ImageID_H0919L58,,,,,,,,,
ImageID_O4B0BFT5,,,,,,,,,
ImageID_8WI0PQSZ,,,,,,,,,
ImageID_T8UXQ4L8,,,,,,,,,
ImageID_1A6Z2RG6,,,,,,,,,
ImageID_KP03TDCR,,,,,,,,,
ImageID_QIQJ4E71,,,,,,,,,
ImageID_659FOUT2,,,,,,,,,
ImageID_EFKP5BC2,,,,,,,,,
ImageID_CPWGSH2R,,,,,,,,,
ImageID_J3BM90F2,,,,,,,,,
ImageID_9V0H0UM8,,,,,,,,,
ImageID_GE3RH9KS,,,,,,,,,
ImageID_0923I4IK,,,,,,,,,
ImageID_N1N7GFN0,,,,,,,,,
ImageID_IY7WWKLA,,,,,,,,,
ImageID_HJFP1YHA,,,,,,,,,
ImageID_EHDTF9PT,,,,,,,,,
ImageID_9N4P0H92,,,,,,,,,
ImageID_A8PNZFNF,,,,,,,,,
ImageID_GCWMPPLM,,,,,,,,,
ImageID_6889PR1L,,,,,,,,,
ImageID_COUZCK30,,,,,,,,,
ImageID_BTD00BT3,,,,,,,,,
ImageID_PSIG8SLW,,,,,,,,,
ImageID_V2YD8WEQ,,,,,,,,,
ImageID_F0TKFXE8,,,,,,,,,
ImageID_L3IH59S1,,,,,,,,,
ImageID_XY9TBH2E,,,,,,,,,
ImageID_TV5AB5BA,,,,,,,,,
ImageID_EVIT4TLE,,,,,,,,,
ImageID_8XX6WK5J,,,,,,,,,
ImageID_WBPF2YVX,,,,,,,,,
ImageID_NXGLL9Z0,,,,,,,,,
ImageID_ER2JHW2C,,,,,,,,,
ImageID_44JFMZSK,,,,,,,,,
ImageID_1SBG7Z3G,,,,,,,,,
ImageID_V8Q2QYU9,,,,,,,,,
ImageID_ICOIE4FN,,,,,,,,,
ImageID_BUOZH79O,,,,,,,,,
ImageID_SNWB5ZFC,,,,,,,,,
ImageID_6FEY1QD2,,,,,,,,,
ImageID_OZ1VG37R,,,,,,,,,
ImageID_ZS8QBDF8,,,,,,,,,
ImageID_ZQSQJR0L,,,,,,,,,
ImageID_WFPBJPNF,,,,,,,,,
ImageID_WT4S4KAJ,,,,,,,,,
ImageID_6CYYJ6B3,,,,,,,,,
ImageID_23UVG3LK,,,,,,,,,
ImageID_W8TY5D7N,,,,,,,,,
ImageID_LZ7KBBAY,,,,,,,,,
ImageID_678N1G6T,,,,,,,,,
ImageID_SV9ULJ4V,,,,,,,,,
ImageID_8KX4MR8C,,,,,,,,,
ImageID_83UZDKHK,,,,,,,,,
ImageID_8PPHJL0V,,,,,,,,,
ImageID_MDRJTBD8,,,,,,,,,
ImageID_M1FYI1UZ,,,,,,,,,
ImageID_USUZQLGN,,,,,,,,,
ImageID_BHQAZFNO,,,,,,,,,
ImageID_PCLJBDX5,,,,,,,,,
ImageID_U3XYF6LN,,,,,,,,,
ImageID_REKA807N,,,,,,,,,
ImageID_A6654PXI,,,,,,,,,
ImageID_YK3ZZMHD,,,,,,,,,
ImageID_BXRJTE1B,,,,,,,,,
ImageID_R0204WRW,,,,,,,,,
ImageID_1RGVL0P8,,,,,,,,,
ImageID_9FTHHKVR,,,,,,,,,
ImageID_PDXW3L3Q,,,,,,,,,
ImageID_HTP1W33K,,,,,,,,,
ImageID_1WBYLCHU,,,,,,,,,
ImageID_5X0LP28A,,,,,,,,,
ImageID_OMWROWYP,,,,,,,,,
ImageID_91E26C0U,,,,,,,,,
ImageID_J75YUYC7,,,,,,,,,
ImageID_TH4W4KNP,,,,,,,,,
ImageID_RO9KN9LE,,,,,,,,,
ImageID_M11KZUT6,,,,,,,,,
ImageID_2784HHZX,,,,,,,,,
ImageID_IF8Y7M6A,,,,,,,,,
ImageID_0J0PSDUJ,,,,,,,,,
ImageID_TRAHOLPK,,,,,,,,,
ImageID_SWTUY75P,,,,,,,,,
ImageID_38FSQYAC,,,,,,,,,
ImageID_FIE1D6KV,,,,,,,,,
ImageID_K5N5K4DP,,,,,,,,,
ImageID_2Y7MNF3O,,,,,,,,,
ImageID_6W5CF0AG,,,,,,,,,
ImageID_5KUTEMD2,,,,,,,,,
ImageID_F0OTARM0,,,,,,,,,
ImageID_M97HGD05,,,,,,,,,
ImageID_HMIO5OJQ,,,,,,,,,
ImageID_WES2I01V,,,,,,,,,
ImageID_YD1E1QL7,,,,,,,,,
ImageID_24N0EV73,,,,,,,,,
ImageID_KEUAZ4HU,,,,,,,,,
ImageID_7ZT6F57W,,,,,,,,,
ImageID_AQJJ2WJX,,,,,,,,,
ImageID_Q30CDBKN,,,,,,,,,
ImageID_XZ8ZBYUI,,,,,,,,,
ImageID_6UAZ5N4S,,,,,,,,,
ImageID_SGILL7DN,,,,,,,,,
ImageID_RIOXB5YY,,,,,,,,,
ImageID_DZNL0TCY,,,,,,,,,
ImageID_1KL54CSU,,,,,,,,,
ImageID_P9O21AJB,,,,,,,,,
ImageID_TXACO58S,,,,,,,,,
ImageID_FLHLXDFN,,,,,,,,,
ImageID_FR0QTKN0,,,,,,,,,
ImageID_Y36ENZ18,,,,,,,,,
ImageID_EGGXIYO2,,,,,,,,,
ImageID_UNINL3G3,,,,,,,,,
ImageID_KJ7ERE9J,,,,,,,,,
ImageID_HFKNJRMB,,,,,,,,,
ImageID_MV4GMYQZ,,,,,,,,,
ImageID_4IQLP22T,,,,,,,,,
ImageID_JONJMNDY,,,,,,,,,
ImageID_WN4OGRM2,,,,,,,,,
ImageID_CASMIZEE,,,,,,,,,
ImageID_PM2092IP,,,,,,,,,
ImageID_IGZT22IT,,,,,,,,,
ImageID_FBBFQ2YI,,,,,,,,,
ImageID_AWFOZ0A3,,,,,,,,,
ImageID_1F489Y9W,,,,,,,,,
ImageID_T143W5UD,,,,,,,,,
ImageID_LKNTS7FU,,,,,,,,,
ImageID_PV350OQR,,,,,,,,,
ImageID_16ZWYGY1,,,,,,,,,
ImageID_EN2KYRGK,,,,,,,,,
ImageID_GEE58POT,,,,,,,,,
ImageID_IV0ZLXLC,,,,,,,,,
ImageID_S0F2WOFB,,,,,,,,,
ImageID_N9GWW97U,,,,,,,,,
ImageID_NJ006SSX,,,,,,,,,
ImageID_N1JGRVQK,,,,,,,,,
ImageID_077F7IF9,,,,,,,,,
ImageID_BEHJI08W,,,,,,,,,
ImageID_0I01IBLQ,,,,,,,,,
ImageID_K557IS0P,,,,,,,,,
ImageID_VJW7SG8H,,,,,,,,,
ImageID_RRAW9WVC,,,,,,,,,
ImageID_4P93Q8SB,,,,,,,,,
ImageID_WC2C5ZWW,,,,,,,,,
ImageID_N2JO0WBE,,,,,,,,,
ImageID_Y76CDGLY,,,,,,,,,
ImageID_TPTR8MMP,,,,,,,,,
ImageID_9XLZUM2S,,,,,,,,,
ImageID_D6AE4V9T,,,,,,,,,
ImageID_UXM28FTZ,,,,,,,,,
ImageID_O8ZPHCYU,,,,,,,,,
ImageID_LHPSP9CA,,,,,,,,,
ImageID_SUYJN7Q3,,,,,,,,,
ImageID_MZ1VP4EG,,,,,,,,,
ImageID_7ZTVQGCR,,,,,,,,,
ImageID_FCX6ETSB,,,,,,,,,
ImageID_Y8GRH9QY,,,,,,,,,
ImageID_TZMWL29O,,,,,,,,,
ImageID_I738Y7EF,,,,,,,,,
ImageID_BBK0ETJA,,,,,,,,,
ImageID_ODURHDQL,,,,,,,,,
ImageID_B1DZ9A32,,,,,,,,,
ImageID_DEIO08XO,,,,,,,,,
ImageID_6XA3PZJM,,,,,,,,,
ImageID_MPRFSFA2,,,,,,,,,
ImageID_SD4UFSOB,,,,,,,,,
ImageID_HMZXW85O,,,,,,,,,
ImageID_NT8Q5NIY,,,,,,,,,
ImageID_480S8FYZ,,,,,,,,,
ImageID_30RZB3MN,,,,,,,,,
ImageID_DPVJW4PJ,,,,,,,,,
ImageID_BM3YSFL2,,,,,,,,,
ImageID_7PDGKYL3,,,,,,,,,
ImageID_K1IV5HPR,,,,,,,,,
ImageID_V4TV7K81,,,,,,,,,
ImageID_6OS6M1BC,,,,,,,,,
ImageID_PDORE5NN,,,,,,,,,
ImageID_PQ4AA5BN,,,,,,,,,
ImageID_63QOZXKX,,,,,,,,,
ImageID_A6RKD3KK,,,,,,,,,
ImageID_DFK973N9,,,,,,,,,
ImageID_2KRBIY53,,,,,,,,,
ImageID_XGYWPK9I,,,,,,,,,
ImageID_3493ETIB,,,,,,,,,
ImageID_E3MOPLQD,,,,,,,,,
ImageID_GJ5FMPUL,,,,,,,,,
ImageID_N68NOQZ6,,,,,,,,,
ImageID_EKL0TXQU,,,,,,,,,
ImageID_AA8QCBP1,,,,,,,,,
ImageID_FEJRC3JP,,,,,,,,,
ImageID_2N6L01UP,,,,,,,,,
ImageID_Y5CAQ8JH,,,,,,,,,
ImageID_RW1Z9WFJ,,,,,,,,,
ImageID_TJDG5CP5,,,,,,,,,
ImageID_I21JW8W9,,,,,,,,,
ImageID_9V7F7WUE,,,,,,,,,
ImageID_L6Q148XK,,,,,,,,,
ImageID_NT53CQ0N,,,,,,,,,
ImageID_U9ST81V6,,,,,,,,,
ImageID_8F5TPNOJ,,,,,,,,,
ImageID_WNZSKRB9,,,,,,,,,
ImageID_59JFRZCP,,,,,,,,,
ImageID_016X4GBI,,,,,,,,,
ImageID_0EIWMW9D,,,,,,,,,
ImageID_5B2JU6Y3,,,,,,,,,
ImageID_2WJNLLCR,,,,,,,,,
ImageID_TCGMACB8,,,,,,,,,
ImageID_4YGSNZOG,,,,,,,,,
ImageID_9XN6F7PY,,,,,,,,,
ImageID_ZQYS6VNQ,,,,,,,,,
ImageID_M4LE5NDD,,,,,,,,,
ImageID_Q9RHHASG,,,,,,,,,
ImageID_AWNF61HU,,,,,,,,,
ImageID_EVHQLOMM,,,,,,,,,
ImageID_A83A0HP9,,,,,,,,,
ImageID_V0XDFREU,,,,,,,,,
ImageID_3YB94PMU,,,,,,,,,
ImageID_9I041LIG,,,,,,,,,
ImageID_2UHJ208J,,,,,,,,,
ImageID_KFJ9YU18,,,,,,,,,
ImageID_G8Z7Z40W,,,,,,,,,
ImageID_4HVK8LXF,,,,,,,,,
ImageID_9NN6B20W,,,,,,,,,
ImageID_232SG1BV,,,,,,,,,
ImageID_7MQKQ0HH,,,,,,,,,
ImageID_PAIRXF33,,,,,,,,,
ImageID_HAH92JM4,,,,,,,,,
ImageID_NZQG0QI6,,,,,,,,,
ImageID_XBHK74DN,,,,,,,,,
ImageID_P40DISQE,,,,,,,,,
ImageID_NAMWVNJF,,,,,,,,,
ImageID_1605SBBP,,,,,,,,,
ImageID_RG60UWDF,,,,,,,,,
ImageID_ML5JQTMS,,,,,,,,,
ImageID_KPNWER5R,,,,,,,,,
ImageID_Z55PDKKU,,,,,,,,,
ImageID_DCR61AHZ,,,,,,,,,
ImageID_VOSQFH04,,,,,,,,,
ImageID_7965HYSA,,,,,,,,,
ImageID_4BHWMJ7V,,,,,,,,,
ImageID_1ZICTIHM,,,,,,,,,
ImageID_8B0OGT41,,,,,,,,,
ImageID_KXJDU2J9,,,,,,,,,
ImageID_JIV1JG9A,,,,,,,,,
ImageID_QR774M7F,,,,,,,,,
ImageID_Z7GP5AII,,,,,,,,,
ImageID_RV7XCM90,,,,,,,,,
ImageID_L66OY84Q,,,,,,,,,
ImageID_LFYIJOKL,,,,,,,,,
ImageID_11O5SNLA,,,,,,,,,
ImageID_IPTBP93M,,,,,,,,,
ImageID_DD1BI41U,,,,,,,,,
ImageID_3DAEP35J,,,,,,,,,
ImageID_YWDJ5HTQ,,,,,,,,,
ImageID_114RPZCX,,,,,,,,,
ImageID_6YM6GXKA,,,,,,,,,
ImageID_HJ9DVELF,,,,,,,,,
ImageID_ID3FLYSL,,,,,,,,,
ImageID_J1V6K2GQ,,,,,,,,,
ImageID_553BG7VE,,,,,,,,,
ImageID_XH1HOS49,,,,,,,,,
ImageID_H52GB0RN,,,,,,,,,
ImageID_B6H55JRD,,,,,,,,,
ImageID_SKLKN0PP,,,,,,,,,
ImageID_ML4X6DVJ,,,,,,,,,
ImageID_XJ6KDUOE,,,,,,,,,
ImageID_9PCDC6X7,,,,,,,,,
ImageID_C4FD7EN9,,,,,,,,,
ImageID_OYEYA0VZ,,,,,,,,,
ImageID_M2QG3A8L,,,,,,,,,
ImageID_6R2SQX6O,,,,,,,,,
ImageID_LH7ZC6JJ,,,,,,,,,
ImageID_6WL56ZL7,,,,,,,,,
ImageID_DVR0XVEK,,,,,,,,,
ImageID_BO6MMBPT,,,,,,,,,
ImageID_104P3J2F,,,,,,,,,
ImageID_BLLD89A3,,,,,,,,,
ImageID_5E4EXE99,,,,,,,,,
ImageID_9LKJYJOZ,,,,,,,,,
ImageID_1V2CDJXA,,,,,,,,,
ImageID_2C00YBMK,,,,,,,,,
ImageID_DRD8Y1AE,,,,,,,,,
ImageID_I7DRZSGC,,,,,,,,,
ImageID_KYZSU67W,,,,,,,,,
ImageID_8YWIHBLJ,,,,,,,,,
ImageID_X5KO09Y7,,,,,,,,,
ImageID_OI8RWVFP,,,,,,,,,
ImageID_Y384TLP7,,,,,,,,,
ImageID_MLL5GCXW,,,,,,,,,
ImageID_EUPET0SH,,,,,,,,,
ImageID_OVWSSTDV,,,,,,,,,
ImageID_P1VAZLZW,,,,,,,,,
ImageID_BZ6V7N92,,,,,,,,,
ImageID_BVKCLXAR,,,,,,,,,
ImageID_CM5AFEJF,,,,,,,,,
ImageID_87S8OO25,,,,,,,,,
ImageID_3EB7Q3M3,,,,,,,,,
ImageID_YTGSK58P,,,,,,,,,
ImageID_B5Q55C6M,,,,,,,,,
ImageID_W3BFR3X6,,,,,,,,,
ImageID_N6CSTIZA,,,,,,,,,
ImageID_B5BBTV8C,,,,,,,,,
ImageID_DGF07FGI,,,,,,,,,
ImageID_FTF2046O,,,,,,,,,
ImageID_V6GPL2YM,,,,,,,,,
ImageID_6ZBBWHF8,,,,,,,,,
ImageID_P2PZXQH8,,,,,,,,,
ImageID_BHUG6OV2,,,,,,,,,
ImageID_GIIGND2A,,,,,,,,,
ImageID_PQ301I6G,,,,,,,,,
ImageID_3TAKKEMV,,,,,,,,,
ImageID_6KGPHX5J,,,,,,,,,
ImageID_CZ5MM510,,,,,,,,,
ImageID_0SRBWJID,,,,,,,,,
ImageID_AGAAPTSU,,,,,,,,,
ImageID_IX4VQPDO,,,,,,,,,
ImageID_AU0M2VA2,,,,,,,,,
ImageID_BUSP3X9T,,,,,,,,,
ImageID_23NHEISC,,,,,,,,,
ImageID_9A9N3LAZ,,,,,,,,,
ImageID_TMLSSMTJ,,,,,,,,,
ImageID_RTM1NOZK,,,,,,,,,
ImageID_PJ01SAY9,,,,,,,,,
ImageID_TQ041DLR,,,,,,,,,
ImageID_FHLEPRB5,,,,,,,,,
ImageID_V7490F89,,,,,,,,,
ImageID_USPPKGFS,,,,,,,,,
ImageID_0ZYRQ6SD,,,,,,,,,
ImageID_8XYQIPR4,,,,,,,,,
ImageID_LSVOGGQH,,,,,,,,,
ImageID_TP8CKHEA,,,,,,,,,
ImageID_EQ7DL006,,,,,,,,,
ImageID_RSZ7KWUA,,,,,,,,,
ImageID_QW29NOS3,,,,,,,,,
ImageID_BM2913UN,,,,,,,,,
ImageID_ZAC5SV0U,,,,,,,,,
ImageID_VYHHO2QL,,,,,,,,,
ImageID_DGBV5DY6,,,,,,,,,
ImageID_1ADK4MDF,,,,,,,,,
ImageID_H6RNZ2O5,,,,,,,,,
ImageID_X4K8KOSE,,,,,,,,,
ImageID_AQLHHWTN,,,,,,,,,
ImageID_H0HPQ8MW,,,,,,,,,
ImageID_ANL09EXL,,,,,,,,,
ImageID_50CIR8WU,,,,,,,,,
ImageID_UD9K6T5F,,,,,,,,,
ImageID_UQCX8TGC,,,,,,,,,
ImageID_Q92IRS2K,,,,,,,,,
ImageID_3TJD3WS0,,,,,,,,,
ImageID_34M1DA2J,,,,,,,,,
ImageID_6CRMY0P7,,,,,,,,,
ImageID_7PD7L0ON,,,,,,,,,
ImageID_FF22O0YL,,,,,,,,,
ImageID_YZZX6RIF,,,,,,,,,
ImageID_WKAXC46M,,,,,,,,,
ImageID_RXMQFK8Q,,,,,,,,,
ImageID_C25MQ3JT,,,,,,,,,
ImageID_ST6OZEX1,,,,,,,,,
ImageID_HI1YX1YF,,,,,,,,,
ImageID_UCVBWHFD,,,,,,,,,
ImageID_1FKP77QN,,,,,,,,,
ImageID_L9JM4H9S,,,,,,,,,
ImageID_Z6J2N3AW,,,,,,,,,
ImageID_87WODLVJ,,,,,,,,,
ImageID_EI2W9AGJ,,,,,,,,,
ImageID_NYZH2UGU,,,,,,,,,
ImageID_8Q3NGDN5,,,,,,,,,
ImageID_IUBUP5TM,,,,,,,,,
ImageID_IX0OFUPG,,,,,,,,,
ImageID_TLKE7CXR,,,,,,,,,
ImageID_Y0QMNUZ9,,,,,,,,,
ImageID_XVD5W92P,,,,,,,,,
ImageID_7FLG7BCZ,,,,,,,,,
ImageID_QOAXVWZN,,,,,,,,,
ImageID_Y8S7XCVB,,,,,,,,,
ImageID_9VI2YAOW,,,,,,,,,
ImageID_2BE75SAA,,,,,,,,,
ImageID_LKM0M4XL,,,,,,,,,
ImageID_79V6E3A8,,,,,,,,,
ImageID_DNQQZ3FW,,,,,,,,,
ImageID_KGYLI8OM,,,,,,,,,
ImageID_AAO1W0PB,,,,,,,,,
ImageID_W24TV8UP,,,,,,,,,
ImageID_40P6ETO0,,,,,,,,,
ImageID_X08CS1XI,,,,,,,,,
ImageID_QZYOV982,,,,,,,,,
ImageID_7OXQG837,,,,,,,,,
ImageID_7I88TEKS,,,,,,,,,
ImageID_5D3K2GZF,,,,,,,,,
ImageID_V1EY7O46,,,,,,,,,
ImageID_OAHQCG3G,,,,,,,,,
ImageID_7ZX92ZQR,,,,,,,,,
ImageID_JF2VKA2Y,,,,,,,,,
ImageID_0SFM7Q90,,,,,,,,,
ImageID_H9UH7SWG,,,,,,,,,
ImageID_SK52QRC7,,,,,,,,,
ImageID_JAXDM9KZ,,,,,,,,,
ImageID_0N7ORTNL,,,,,,,,,
ImageID_CHZX0TQP,,,,,,,,,
ImageID_AYDMTY2U,,,,,,,,,
ImageID_LM0WPW63,,,,,,,,,
ImageID_UGLBYUKH,,,,,,,,,
ImageID_4FUNU1V3,,,,,,,,,
ImageID_42TQZ4YL,,,,,,,,,
ImageID_78HWGMK9,,,,,,,,,
ImageID_U76XZKVM,,,,,,,,,
ImageID_T1DPSA9B,,,,,,,,,
ImageID_TTZBVB76,,,,,,,,,
ImageID_FJ715B4F,,,,,,,,,
ImageID_D42K13IP,,,,,,,,,
ImageID_O8GFRK9N,,,,,,,,,
ImageID_TD1V5EFY,,,,,,,,,
ImageID_D3Q55ELB,,,,,,,,,
ImageID_PE5JB9TX,,,,,,,,,
ImageID_POY7WDA5,,,,,,,,,
ImageID_YTUAHP33,,,,,,,,,
ImageID_8491GSYA,,,,,,,,,
ImageID_K37P5VYN,,,,,,,,,
ImageID_EA27N4GE,,,,,,,,,
ImageID_XYJB9K66,,,,,,,,,
ImageID_QVCBYULQ,,,,,,,,,
ImageID_QK84Q936,,,,,,,,,
ImageID_HW1381L1,,,,,,,,,
ImageID_1E3M0SER,,,,,,,,,
ImageID_D19ST9Y5,,,,,,,,,
ImageID_830J44BO,,,,,,,,,
ImageID_R7I6W2X6,,,,,,,,,
ImageID_Q0N28QTY,,,,,,,,,
ImageID_JAF0WR42,,,,,,,,,
ImageID_8FRTL5XC,,,,,,,,,
ImageID_41U86W53,,,,,,,,,
ImageID_URJMVZKP,,,,,,,,,
ImageID_9B49G28N,,,,,,,,,
ImageID_X3DVXGMK,,,,,,,,,
ImageID_GL65L06M,,,,,,,,,
ImageID_K1OCZV31,,,,,,,,,
ImageID_U30NOA5J,,,,,,,,,
ImageID_P7LA33N7,,,,,,,,,
ImageID_KTTUBKS0,,,,,,,,,
ImageID_PO4A2MR4,,,,,,,,,
ImageID_TY98YXTB,,,,,,,,,
ImageID_W0VDEDET,,,,,,,,,
ImageID_T3LFAL96,,,,,,,,,
ImageID_1J7OWPBQ,,,,,,,,,
ImageID_K58XJUWZ,,,,,,,,,
ImageID_GB2IF36T,,,,,,,,,
ImageID_F8ACZV32,,,,,,,,,
ImageID_OLUZSDX6,,,,,,,,,
ImageID_1NP5CK0B,,,,,,,,,
ImageID_HJXGL0FO,,,,,,,,,
ImageID_HOSWNYM5,,,,,,,,,
ImageID_WYNJYLGW,,,,,,,,,
ImageID_P6TA71VT,,,,,,,,,
ImageID_M2KNDRT9,,,,,,,,,
ImageID_5ZYPVKIY,,,,,,,,,
ImageID_GGKDZ5KX,,,,,,,,,
ImageID_NTPD2T2O,,,,,,,,,
ImageID_TCDZCYL4,,,,,,,,,
ImageID_95JU1FKD,,,,,,,,,
ImageID_E7DM2TNO,,,,,,,,,
ImageID_NZJNB5CK,,,,,,,,,
ImageID_M26UC0XC,,,,,,,,,
ImageID_VS6CZOXG,,,,,,,,,
ImageID_QIIKPL2E,,,,,,,,,
ImageID_FABRYW1D,,,,,,,,,
ImageID_MNT5ZKEZ,,,,,,,,,
ImageID_MMZ9FOO8,,,,,,,,,
ImageID_99AZM9TW,,,,,,,,,
ImageID_753CFGPZ,,,,,,,,,
ImageID_IVNJ4NFN,,,,,,,,,
ImageID_Y1SL7HBS,,,,,,,,,
ImageID_TC12CN4N,,,,,,,,,
ImageID_CW2PIITF,,,,,,,,,
ImageID_7TBH5UQL,,,,,,,,,
ImageID_1MJ1MWBM,,,,,,,,,
ImageID_TMS5DPZ8,,,,,,,,,
ImageID_DLRPEQWA,,,,,,,,,
ImageID_TR5LOLWU,,,,,,,,,
ImageID_435N8093,,,,,,,,,
ImageID_P8U3FW6H,,,,,,,,,
ImageID_CQGVGD45,,,,,,,,,
ImageID_XRTHVEI2,,,,,,,,,
ImageID_QG3E9C1F,,,,,,,,,
ImageID_PLMA40Q4,,,,,,,,,
ImageID_Y2O68CQT,,,,,,,,,
ImageID_JD6TAED3,,,,,,,,,
ImageID_XYM56K42,,,,,,,,,
ImageID_AE0TS795,,,,,,,,,
ImageID_DTOGVQC2,,,,,,,,,
ImageID_QGI6TYG5,,,,,,,,,
ImageID_B97HYSXF,,,,,,,,,
ImageID_YL5H2KU3,,,,,,,,,
ImageID_GMH353VJ,,,,,,,,,
ImageID_VHKMER49,,,,,,,,,
ImageID_IU6ZEPN2,,,,,,,,,
ImageID_2GXOI0G2,,,,,,,,,
ImageID_XB1FERBT,,,,,,,,,
ImageID_GRDGAFUM,,,,,,,,,
ImageID_GTNL7O4D,,,,,,,,,
ImageID_O62BFNBW,,,,,,,,,
ImageID_BNQISGH7,,,,,,,,,
ImageID_YK47TTHW,,,,,,,,,
ImageID_TA10FIM3,,,,,,,,,
ImageID_CBVIU07G,,,,,,,,,
ImageID_S1WDRZJK,,,,,,,,,
ImageID_18CENF6O,,,,,,,,,
ImageID_BGK734YO,,,,,,,,,
ImageID_PTWPONK6,,,,,,,,,
ImageID_598YG3XU,,,,,,,,,
ImageID_FZLNZLS8,,,,,,,,,
ImageID_Z7VAOKKB,,,,,,,,,
ImageID_F6CKO73S,,,,,,,,,
ImageID_BUA9076E,,,,,,,,,
ImageID_0EXQVGPS,,,,,,,,,
ImageID_7W78Q5K8,,,,,,,,,
ImageID_NF8LYGOU,,,,,,,,,
ImageID_W901WIUT,,,,,,,,,
ImageID_S4V3YQEP,,,,,,,,,
ImageID_350G6152,,,,,,,,,
ImageID_2K0B6C0L,,,,,,,,,
ImageID_8IZ09LE1,,,,,,,,,
ImageID_7D7N95T2,,,,,,,,,
ImageID_S15WITZH,,,,,,,,,
ImageID_AM93W8A1,,,,,,,,,
ImageID_XZV3DECV,,,,,,,,,
ImageID_99U7I94W,,,,,,,,,
ImageID_LYWCZ58Z,,,,,,,,,
ImageID_5JOP33SA,,,,,,,,,
ImageID_5QI22HZ1,,,,,,,,,
ImageID_M4PRMI0M,,,,,,,,,
ImageID_BD0BQ5GS,,,,,,,,,
ImageID_6W8RFLKP,,,,,,,,,
ImageID_VW0AHA1D,,,,,,,,,
ImageID_CQ8AN7LE,,,,,,,,,
ImageID_H5W0QJN0,,,,,,,,,
ImageID_LKRD3Y6T,,,,,,,,,
ImageID_AF637SOP,,,,,,,,,
ImageID_476AU0TC,,,,,,,,,
ImageID_BH04S3IW,,,,,,,,,
ImageID_5STNATFZ,,,,,,,,,
ImageID_KZ958O2B,,,,,,,,,
ImageID_UFNEWZ6U,,,,,,,,,
ImageID_0IBAU19T,,,,,,,,,
ImageID_K6IAGP77,,,,,,,,,
ImageID_IKQQPMCC,,,,,,,,,
